#languageTag	#level	#worksheet	#problemNo	#sequenceType	#voiceSource	#problemSentence	#exampleNumber1	#exampleNumber2	#exampleNumber3	#exampleNumber4	#exampleWord1	#exampleWord2	#exampleWord3	#exampleWord4	#rightFormula	#rightAnswer	#objectValueA	#objectValueB	#objectValueC	#objectValueD	#equationValueA	#equationValueB	#equationSign	#equationUnknown	#objectSourceA	#objectSourceB	#objectSourceC	#objectSourceD
en-US	1	1	1	1	"मोहनलाल की मुर्गी ने कल 6 अंडे और आज 3 अंडे दिए। मोहनलाल की मुर्गी ने कितने अंडे दिए?"	मोहनलाल की मुर्गी ने कल 6 अंडे और आज 3 अंडे दिए। मोहनलाल की मुर्गी ने कितने अंडे दिए?	6	7	8	9	eggs	eggs	eggs	eggs	6 + 3 = <9>	4	6	3	0	0					wordwindow-stone-yellow.png	wordwindow-stone-red.png		
en-US	1	1	2	1	"फेंस पर 2 पक्षी बैठे थे। 4 और पक्षी जुड़े। कितने पक्षी फेंस पर हैं?"	फेंस पर 2 पक्षी बैठे थे। 4 और पक्षी जुड़े। कितने पक्षी फेंस पर हैं?	6	7	8	9	birds	birds	birds	birds	2 + 4 = <6>	1	2	4	0	0					wordwindow-stone-red.png	wordwindow-stone-blue.png		
en-US	1	1	3	1	"जब वह स्कूल में गणित करती है, अनु स्टार स्टिकर कमाती है। कल, अनु ने 4 स्टार कमाए। आज उसने 3 और कमाए। अनु ने सभी में कितने स्टार कमाए?"	जब वह स्कूल में गणित करती है, अनु स्टार स्टिकर कमाती है। कल, अनु ने 4 स्टार कमाए। आज उसने 3 और कमाए। अनु ने सभी में कितने स्टार कमाए?	6	7	8	9	stars	stars	stars	stars	4 + 3 = <7>	2	4	3	0	0					wordwindow-stone-blue.png	wordwindow-stone-green.png		
en-US	1	1	4	1	"दीपेश के पास 6 किताबें हैं। कार्तिक  के पास 2 किताबें हैं। उनके पास सभी में कितनी किताबें हैं?"	दीपेश के पास 6 किताबें हैं। कार्तिक के पास 2 किताबें हैं। उनके पास सभी में कितनी किताबें हैं?	3	5	7	8	books	books	books	books	6 + 2 = <8>	4	6	2	0	0					wordwindow-stone-yellow.png	wordwindow-stone-green.png		
en-US	1	1	5	1	"रूही ने दोपहर के भोजन में 3 याम और रात के खाने में 5 याम परोसे। दिन में कितने याम परोसे गए?"	रूही ने दोपहर के भोजन में 3 याम और रात के खाने में 5 याम परोसे। दिन में कितने याम परोसे गए?	4	6	8	10	yams	yams	yams	yams	3 + 5 = <8>	3	3	5	0	0					wordwindow-stone-green.png	wordwindow-stone-red.png		
en-US	1	2	1	1	"दीपेश के पास 6 किताबें हैं। कार्तिक  के पास 2 किताबें हैं। उनके पास सभी में कितनी किताबें हैं?"	दीपेश के पास 6 किताबें हैं। कार्तिक के पास 2 किताबें हैं। उनके पास सभी में कितनी किताबें हैं?	3	5	7	8	books	books	books	books	6 + 2 = <8>	4	6	2	0	0					wordwindow-stone-yellow.png	wordwindow-stone-green.png		
en-US	1	2	2	1	"रूही ने दोपहर के भोजन में 3 याम और रात के खाने में 5 याम परोसे। दिन में कितने याम परोसे गए?"	रूही ने दोपहर के भोजन में 3 याम और रात के खाने में 5 याम परोसे। दिन में कितने याम परोसे गए?	4	6	8	10	yams	yams	yams	yams	3 + 5 = <8>	3	3	5	0	0					wordwindow-stone-green.png	wordwindow-stone-red.png		
en-US	1	2	3	1	"7 रेड एप्पल और 2 ग्रीन एप्पल टोकरी में हैं। टोकरी में कितने एप्पल हैं?"	7 रेड एप्पल और 2 ग्रीन एप्पल टोकरी में हैं। टोकरी में कितने एप्पल हैं?	6	7	8	9	apples	apples	apples	apples	7 + 2 = <9>	4	7	2	0	0					wordwindow-stone-red.png	wordwindow-stone-green.png		
en-US	1	2	4	1	"नियति ने सुबह 5 मछलियाँ पकड़ीं। उसने दोपहर में 4 और मछलियाँ पकड़ीं। नियति ने कुल कितनी मछली पकड़ीं?"	नियति ने सुबह 5 मछलियाँ पकड़ीं। उसने दोपहर में 4 अौर मछलियाँ पकड़ीं। नियति ने कुल कितनी मछली पकड़ीं?	6	7	8	9	fish	fish	fish	fish	5 + 4 = <9>	4	5	4	0	0					wordwindow-stone-red.png	wordwindow-stone-yellow.png		
en-US	1	2	5	1	"जब वह स्कूल में गणित करती है, अनु स्टार स्टिकर कमाती है। कल, अनु ने 4 स्टार कमाए। आज उसने 3 और कमाए। अनु ने सभी में कितने स्टार कमाए?"	जब वह स्कूल में गणित करती है, अनु स्टार स्टिकर कमाती है। कल, अनु ने 4 स्टार कमाए। आज उसने 3 और कमाए। अनु ने सभी में कितने स्टार कमाए?	6	7	8	9	stars	stars	stars	stars	4 + 3 = <7>	2	4	3	0	0					wordwindow-stone-blue.png	wordwindow-stone-green.png		
en-US	1	3	1	1	"7 रेड एप्पल और 2 ग्रीन एप्पल टोकरी में हैं। टोकरी में कितने एप्पल हैं?"	7 रेड एप्पल और 2 ग्रीन एप्पल टोकरी में हैं। टोकरी में कितने एप्पल हैं?	6	7	8	9	apples	apples	apples	apples	7 + 2 = <9>	4	7	2	0	0					wordwindow-stone-red.png	wordwindow-stone-green.png		
en-US	1	3	2	1	"मोहनलाल की मुर्गी ने कल 6 अंडे और आज 3 अंडे दिए। मोहनलाल की मुर्गी ने कितने अंडे दिए?"	मोहनलाल की मुर्गी ने कल 6 अंडे और आज 3 अंडे दिए। मोहनलाल की मुर्गी ने कितने अंडे दिए?	6	7	8	9	eggs	eggs	eggs	eggs	6 + 3 = <9>	4	6	3	0	0					wordwindow-stone-yellow.png	wordwindow-stone-red.png		
en-US	1	3	3	1	"जब वह स्कूल में गणित करती है, अनु स्टार स्टिकर कमाती है। कल, अनु ने 4 स्टार कमाए। आज उसने 3 और कमाए। अनु ने सभी में कितने स्टार कमाए?"	जब वह स्कूल में गणित करती है, अनु स्टार स्टिकर कमाती है। कल, अनु ने 4 स्टार कमाए। आज उसने 3 और कमाए। अनु ने सभी में कितने स्टार कमाए?	6	7	8	9	stars	stars	stars	stars	4 + 3 = <7>	2	4	3	0	0					wordwindow-stone-blue.png	wordwindow-stone-green.png		
en-US	1	3	4	1	"दीपेश के पास 6 किताबें हैं। कार्तिक के पास 2 किताबें हैं। उनके पास सभी में कितनी किताबें हैं?"	दीपेश के पास 6 किताबें हैं। कार्तिक के पास 2 किताबें हैं। उनके पास सभी में कितनी किताबें हैं?	3	5	7	8	books	books	books	books	6 + 2 = <8>	4	6	2	0	0					wordwindow-stone-yellow.png	wordwindow-stone-green.png		
en-US	1	3	5	1	"नियति ने सुबह 5 मछलियाँ पकड़ीं। उसने दोपहर में 4 और मछलियाँ पकड़ीं। नियति ने कुल कितनी मछली पकड़ीं?"	नियति ने सुबह 5 मछलियाँ पकड़ीं। उसने दोपहर में 4 अौर मछलियाँ पकड़ीं। नियति ने कुल कितनी मछली पकड़ीं?	6	7	8	9	fish	fish	fish	fish	5 + 4 = <9>	4	5	4	0	0					wordwindow-stone-red.png	wordwindow-stone-yellow.png		
en-US	2	1	1	4	"बिली के पास 2 मार्बल्स हैं। लता के पास बिली की तुलना में 3 अधिक मार्बल्स हैं। लता के पास कितने मार्बल्स हैं?"	बिली के पास 2 मार्बल्स हैं। लता के पास बिली की तुलना में 3 अधिक मार्बल्स हैं। लता के पास कितने मार्बल्स हैं?	2	3	5	8	marbles	marbles	marbles	marbles	2 + 3 = <5>	3	2	5	0	0					wordwindow-stone-red.png	wordwindow-stone-blue.png		
en-US	2	1	2	4	"गणेश के पास 4 डाक टिकट हैं। दानिश के पास गणेश की तुलना में 5 अधिक डाक टिकट हैं। दानिश के पास कितने डाक टिकट हैं?"	गणेश के पास 4 डाक टिकट हैं। दानिश के पास गणेश की तुलना में 5 अधिक डाक टिकट हैं। दानिश के पास कितने डाक टिकट हैं?	4	5	9	11	stamps	stamps	stamps	stamps	4 + 5 = <9>	3	4	9	0	0					wordwindow-stone-blue.png	wordwindow-stone-green.png		
en-US	2	1	3	4	"स्कूल में दो खोया-पाया बक्से हैं। पहले बॉक्स में, 5 टोपी हैं। दूसरे बॉक्स में, पहले बॉक्स की तुलना में 4 अधिक टोपी हैं। दूसरे बॉक्स में कितनी टोपियाँ हैं?"	स्कूल में दो खोया-पाया बक्से हैं। पहले बॉक्स में, 5 टोपी हैं। दूसरे बॉक्स में, पहले बॉक्स की तुलना में 4 अधिक टोपी हैं। दूसरे बॉक्स में कितनी टोपियाँ हैं?	5	9	14	15	hats	hats	hats	hats	5 + 4 = <9>	2	5	9	0	0					wordwindow-stone-yellow.png	wordwindow-stone-red.png		
en-US	2	1	4	4	"मुकुल ने मेघा की तुलना में 3 अधिक पुस्तकें खरीदीं। मेघा ने 1 किताब खरीदी। मुकुल ने कितनी किताबें खरीदीं?"	मुकुल ने मेघा की तुलना में 3 अधिक पुस्तकें खरीदीं। मेघा ने 1 किताब खरीदी। मुकुल ने कितनी किताबें खरीदीं?	3	4	5	6	books	books	books	books	1 + 3 = <4>	2	4	1	0	0					wordwindow-stone-yellow.png	wordwindow-stone-blue.png		
en-US	2	1	5	4	"रमेशना के पास फतौ से 5 ज्यादा पहेलियां हैं। फतौ के पास 3 पहेलियां हैं। रमेशना के पास कितनी पहेलियां हैं?"	रमेशना के पास फतौ से 5 ज्यादा पहेलियां हैं। फतौ के पास 3 पहेलियां हैं। रमेशना के पास कितनी पहेलियां हैं?	6	7	8	9	puzzles	puzzles	puzzles	puzzles	3 + 5 = <8>	3	8	3	0	0					wordwindow-stone-yellow.png	wordwindow-stone-green.png		
en-US	2	2	1	4	"गणेश के पास 4 डाक टिकट हैं। दानिश के पास गणेश की तुलना में 5 अधिक डाक टिकट हैं। दानिश के पास कितने डाक टिकट हैं?"	गणेश के पास 4 डाक टिकट हैं। दानिश के पास गणेश की तुलना में 5 अधिक डाक टिकट हैं। दानिश के पास कितने डाक टिकट हैं?	4	5	9	11	stamps	stamps	stamps	stamps	4 + 5 = <9>	3	4	9	0	0					wordwindow-stone-blue.png	wordwindow-stone-green.png		
en-US	2	2	2	4	"शशांक के खेत में 2 बकरियाँ हैं। उसके खेत पर बकरियों की तुलना में 6 अधिक मुर्गियां हैं। उसके पास कितनी मुर्गियां हैं?"	शशांक के खेत में 2 बकरियाँ हैं। उसके खेत पर बकरियों की तुलना में 6 अधिक मुर्गियां हैं। उसके पास कितनी मुर्गियां हैं?	2	6	8	12	chickens	chickens	chickens	chickens	2 + 6 = <8>	3	2	8	0	0					wordwindow-stone-red.png	wordwindow-stone-green.png		
en-US	2	2	3	4	"ईशा 5 साल की है। उसकी बहन गौरीी ईशा से 2 साल बड़ी है। गौरीी की उम्र कितनी है?"	ईशा 5 साल की है। उसकी बहन गौरीी ईशा से 2 साल बड़ी है। गौरीी की उम्र कितनी है?	2	5	7	9	years old	years old	years old	years old	5 + 2 = <7>	3	5	7	0	0					wordwindow-stone-red.png	wordwindow-stone-yellow.png		
en-US	2	2	4	4	"पुस्तकालय में स्कूल कार्यालय की तुलना में 5 अधिक टेबल हैं। स्कूल के कार्यालय में 2 टेबल हैं। पुस्तकालय में कितने टेबल हैं?"	पुस्तकालय में स्कूल कार्यालय की तुलना में 5 अधिक टेबल हैं। स्कूल के कार्यालय में 2 टेबल हैं। पुस्तकालय में कितने टेबल हैं?	5	7	9	11	tables	tables	tables	tables	2 + 5 = <7>	2	7	2	0	0					wordwindow-stone-green.png	wordwindow-stone-red.png		
en-US	2	2	5	4	"मुकुल ने मेघा की तुलना में 3 अधिक पुस्तकें खरीदीं। मेघा ने 1 किताब खरीदी। मुकुल ने कितनी किताबें खरीदीं?"	मुकुल ने मेघा की तुलना में 3 अधिक पुस्तकें खरीदीं। मेघा ने 1 किताब खरीदी। मुकुल ने कितनी किताबें खरीदीं?	3	4	5	6	books	books	books	books	1 + 3 = <4>	2	4	1	0	0					wordwindow-stone-yellow.png	wordwindow-stone-blue.png		
en-US	2	3	1	4	"ईशा 5 साल की है। उसकी बहन गौरीी ईशा से 2 साल बड़ी है। गौरीी की उम्र कितनी है?"	ईशा 5 साल की है। उसकी बहन गौरीी ईशा से 2 साल बड़ी है। गौरीी की उम्र कितनी है?	2	5	7	9	years old	years old	years old	years old	5 + 2 = <7>	3	5	7	0	0					wordwindow-stone-red.png	wordwindow-stone-yellow.png		
en-US	2	3	2	4	"गणेश के पास 4 डाक टिकट हैं। दानिश के पास गणेश की तुलना में 5 अधिक डाक टिकट हैं। दानिश के पास कितने डाक टिकट हैं?"	गणेश के पास 4 डाक टिकट हैं। दानिश के पास गणेश की तुलना में 5 अधिक डाक टिकट हैं। दानिश के पास कितने डाक टिकट हैं?	4	5	9	11	stamps	stamps	stamps	stamps	4 + 5 = <9>	3	4	9	0	0					wordwindow-stone-blue.png	wordwindow-stone-green.png		
en-US	2	3	3	4	"बिली के पास 2 मार्बल्स हैं। लता के पास बिली की तुलना में 3 अधिक मार्बल्स हैं। लता के पास कितने मार्बल्स हैं?"	बिली के पास 2 मार्बल्स हैं। लता के पास बिली की तुलना में 3 अधिक मार्बल्स हैं। लता के पास कितने मार्बल्स हैं?	2	3	5	8	marbles	marbles	marbles	marbles	2 + 3 = <5>	3	2	5	0	0					wordwindow-stone-red.png	wordwindow-stone-blue.png		
en-US	2	3	4	4	"रमेशना के पास फतौ से 5 ज्यादा पहेलियां हैं। फतौ के पास 3 पहेलियां हैं। रमेशना के पास कितनी पहेलियां हैं?"	रमेशना के पास फतौ से 5 ज्यादा पहेलियां हैं। फतौ के पास 3 पहेलियां हैं। रमेशना के पास कितनी पहेलियां हैं?	6	7	8	9	puzzles	puzzles	puzzles	puzzles	3 + 5 = <8>	3	8	3	0	0					wordwindow-stone-yellow.png	wordwindow-stone-green.png		
en-US	2	3	5	4	"पुस्तकालय में स्कूल कार्यालय की तुलना में 5 अधिक टेबल हैं। स्कूल के कार्यालय में 2 टेबल हैं। पुस्तकालय में कितने टेबल हैं?"	पुस्तकालय में स्कूल कार्यालय की तुलना में 5 अधिक टेबल हैं। स्कूल के कार्यालय में 2 टेबल हैं। पुस्तकालय में कितने टेबल हैं?	5	7	9	11	tables	tables	tables	tables	2 + 5 = <7>	2	7	2	0	0					wordwindow-stone-green.png	wordwindow-stone-red.png		
en-US	3	1	1	2	"एक शाखा पर 4 पक्षी बैठे हैं। 1 उड़ गया। शाखा पर कितने पक्षी बचे हैं?"	एक शाखा पर 4 पक्षी बैठे हैं। 1 उड़ गया। शाखा पर कितने पक्षी बचे हैं?	2	3	4	5	birds	birds	birds	birds	4 - 1 = <3>	2	4	1	0	0					wordwindow-stone-blue.png	wordwindow-stone-green.png		
en-US	3	1	2	2	"आसमान में 9 पतंगें उड़ रही हैं। एक हवा 3 पतंगों को जमीन पर गिरा देती है। कितनी पतंगें अभी भी आसमान में उड़ रही हैं?"	आसमान में 9 पतंगें उड़ रही हैं। एक हवा 3 पतंगों को जमीन पर गिरा देती है। कितनी पतंगें अभी भी आसमान में उड़ रही हैं?	5	6	7	8	kites	kites	kites	kites	9 - 3 = <6>	2	9	3	0	0					wordwindow-stone-blue.png	wordwindow-stone-yellow.png		
en-US	3	1	3	2	"5 एपल्स टेबल पर हैं। रेहमान 2 एपल्स खाता है। टेबल पर कितने एपल्स बचे हैं?"	5 एपल्स टेबल पर हैं। रेहमान 2 एपल्स खाता है। टेबल पर कितने एपल्स बचे हैं?	2	3	4	5	apples	apples	apples	apples	5 - 2  = <3>	2	5	2	0	0					wordwindow-stone-red.png	wordwindow-stone-yellow.png		
en-US	3	1	4	2	"हैना 8 रोटियाँ बनाती है। वह अपने भाई को 3 रोटियाँ देती है। उसके पास कितनी रोटियाँ बची हैं?"	हैना 8 रोटियाँ बनाती है। वह अपने भाई को 3 रोटियाँ देती है। उसके पास कितनी रोटियाँ बची हैं?	8	7	6	5	rotis	rotis	rotis	rotis	8 - 3 = <5>	4	8	3	0	0					wordwindow-stone-yellow.png	wordwindow-stone-blue.png		
en-US	3	1	5	2	"राखी 4 कंगन बनाती है। वह उनमें से 2 अपने दोस्त को देती है। राखी के पास कितने कंगन बचे हैं?"	राखी 4 कंगन बनाती है। वह उनमें से 2 अपने दोस्त को देती है। राखी के पास कितने कंगन बचे हैं?	1	2	3	4	bracelet	bracelets	bracelets	bracelets	4 - 2 = <2>	2	4	2	0	0					wordwindow-stone-yellow.png	wordwindow-stone-red.png		
en-US	3	2	1	2	"पुष्प के पास 7 बिस्कुट हैं। वह उनमें से 2 खाती है। उसके पास कितनी बिस्कुट बची हैं?"	पुष्प के पास 7 बिस्कुट हैं। वह उनमें से 2 खाती है। उसके पास कितनी बिस्कुट बची हैं?	3	4	5	6	biscuits	biscuits	biscuits	biscuits	7 - 2 = <5>	3	7	2	0	0					wordwindow-stone-red.png	wordwindow-stone-blue.png		
en-US	3	2	2	2	"हैना 8 रोटियाँ बनाती है। वह अपने भाई को 3 रोटियाँ देती है। उसके पास कितनी रोटियाँ बची हैं?"	हैना 8 रोटियाँ बनाती है। वह अपने भाई को 3 रोटियाँ देती है। उसके पास कितनी रोटियाँ बची हैं?	8	7	6	5	rotis	rotis	rotis	rotis	8 - 3 = <5>	4	8	3	0	0					wordwindow-stone-yellow.png	wordwindow-stone-blue.png		
en-US	3	2	3	2	"पूजा के 9 कंगन हैं। वह उनमें से 2 खो देती है। पूजा के पास अभ कितने कंगन बचे हैं?"	पूजा के 9 कंगन हैं। वह उनमें से 2 खो देती है। पूजा के पास अभ कितने कंगन बचे हैं?	9	7	5	3	bracelets	bracelets	bracelets	bracelets	9 - 2 = <7>	2	9	2	0	0					wordwindow-stone-yellow.png	wordwindow-stone-green.png		
en-US	3	2	4	2	"आसमान में 9 पतंगें उड़ रही हैं। एक हवा 3 पतंगों को जमीन पर गिरा देती है। कितनी पतंगें अभी भी आसमान में उड़ रही हैं?"	आसमान में 9 पतंगें उड़ रही हैं। एक हवा 3 पतंगों को जमीन पर गिरा देती है। कितनी पतंगें अभी भी आसमान में उड़ रही हैं?	5	6	7	8	kites	kites	kites	kites	9 - 3 = <6>	2	9	3	0	0					wordwindow-stone-blue.png	wordwindow-stone-yellow.png		
en-US	3	2	5	2	"पुष्प के पास 7 बिस्कुट हैं। वह उनमें से 2 खाती है। उसके पास कितनी बिस्कुट बची हैं?"	पुष्प के पास 7 बिस्कुट हैं। वह उनमें से 2 खाती है। उसके पास कितनी बिस्कुट बची हैं?	3	4	5	6	biscuits	biscuits	biscuits	biscuits	7 - 2 = <5>	3	7	2	0	0					wordwindow-stone-red.png	wordwindow-stone-blue.png		
en-US	3	3	1	2	"5 एपल्स टेबल पर हैं। रेहमान 2 एपल्स खाता है। टेबल पर कितने एपल्स बचे हैं?"	5 एपल्स टेबल पर हैं। रेहमान 2 एपल्स खाता है। टेबल पर कितने एपल्स बचे हैं?	2	3	4	5	apples	apples	apples	apples	5 - 2  = <3>	2	5	2	0	0					wordwindow-stone-red.png	wordwindow-stone-yellow.png		
en-US	3	3	2	2	"हैना 8 रोटियाँ बनाती है। वह अपने भाई को 3 रोटियाँ देती है। उसके पास कितनी रोटियाँ बची हैं?"	हैना 8 रोटियाँ बनाती है। वह अपने भाई को 3 रोटियाँ देती है। उसके पास कितनी रोटियाँ बची हैं?	8	7	6	5	rotis	rotis	rotis	rotis	8 - 3 = <5>	4	8	3	0	0					wordwindow-stone-yellow.png	wordwindow-stone-blue.png		
en-US	3	3	3	2	"पूजा के 9 कंगन हैं। वह उनमें से 2 खो देती है। पूजा के पास अभ कितने कंगन बचे हैं?"	पूजा के 9 कंगन हैं। वह उनमें से 2 खो देती है। पूजा के पास अभ कितने कंगन बचे हैं?	9	7	5	3	bracelets	bracelets	bracelets	bracelets	9 - 2 = <7>	2	9	2	0	0					wordwindow-stone-yellow.png	wordwindow-stone-green.png		
en-US	3	3	4	2	"आसमान में 9 पतंगें उड़ रही हैं। एक हवा 3 पतंगों को जमीन पर गिरा देती है। कितनी पतंगें अभी भी आसमान में उड़ रही हैं?"	आसमान में 9 पतंगें उड़ रही हैं। एक हवा 3 पतंगों को जमीन पर गिरा देती है। कितनी पतंगें अभी भी आसमान में उड़ रही हैं?	5	6	7	8	kites	kites	kites	kites	9 - 3 = <6>	2	9	3	0	0					wordwindow-stone-blue.png	wordwindow-stone-yellow.png		
en-US	3	3	5	2	"पुष्प के पास 7 बिस्कुट हैं। वह उनमें से 2 खाती है। उसके पास कितनी बिस्कुट बची हैं?"	पुष्प के पास 7 बिस्कुट हैं। वह उनमें से 2 खाती है। उसके पास कितनी बिस्कुट बची हैं?	3	4	5	6	biscuits	biscuits	biscuits	biscuits	7 - 2 = <5>	3	7	2	0	0					wordwindow-stone-red.png	wordwindow-stone-blue.png		
en-US	4	1	1	4	"6 पक्षी और 3 घोंसले हैं। घोंसलों की तुलना में कितने अधिक पक्षी हैं"	6 पक्षी और 3 घोंसले हैं। घोंसलों की तुलना में कितने अधिक पक्षी हैं?	3	6	9	12	birds	birds	birds	birds	6 - 3 = <3>	1	6	3	0	0					wordwindow-stone-blue.png	wordwindow-stone-green.png		
en-US	4	1	2	4	"आस्था ने 4 ब्लॉक चलती है स्कूल के लिए। अलका स्कूल के लिए 2 ब्लॉक चलता है। आस्था अलका की तुलना में स्कूल जाने के लिए और कितने ब्लॉक चलती हैं?"	आस्था ने 4 ब्लॉक चलती है स्कूल के लिए। अलका स्कूल के लिए 2 ब्लॉक चलता है। आस्था अलका की तुलना में स्कूल जाने के लिए और कितने ब्लॉक चलती हैं?	2	4	6	8	blocks	blocks	blocks	blocks	4 - 2 = <2>	1	4	2	0	0					wordwindow-stone-blue.png	wordwindow-stone-red.png		
en-US	4	1	3	4	"लुसी 9 साल की है। उसकी बहन सीमा 6 साल की है। लुसी अपनी बहन सीमा से कितनी बड़ी है?"	लुसी 9 साल की है। उसकी बहन सीमा 6 साल की है। लुसी अपनी बहन सीमा से कितनी बड़ी है?	3	6	9	12	years	years	years	years	9 - 6  = <3>	1	9	6	0	0					wordwindow-stone-red.png	wordwindow-stone-yellow.png		
en-US	4	1	4	4	"रेहमान ने 7 बिस्कुट और अलका ने 2 बिस्कुट  खाए। रेहमान की तुलना में अलका ने कितने कम बिस्कुट खाए?"	रेहमान ने 7 बिस्कुट और अलका ने 2 बिस्कुट  खाए। रेहमान की तुलना में अलका ने कितने कम बिस्कुट खाए?	3	5	7	9	biscuits	biscuits	biscuits	biscuits	7 - 2 = <5>	2	7	2	0	0					wordwindow-stone-yellow.png	wordwindow-stone-green.png		
en-US	4	1	5	4	"दीपेश ने स्कूल के बगीचे में 5 बीज लगाए। अलका ने 8 बीज लगाए। दीपेश ने अलका की तुलना में कितने कम बीज लगाए?"	दीपेश ने स्कूल के बगीचे में 5 बीज लगाए। अलका ने 8 बीज लगाए। दीपेश ने अलका की तुलना में कितने कम बीज लगाए?	3	5	8	10	seeds	seeds	seeds	seeds	8 - 5 = <3>	1	5	8	0	0					wordwindow-stone-green.png	wordwindow-stone-red.png		
en-US	4	2	1	4	"5 कप और 7 प्लेटें हैं। कपों की तुलना में कितनी अधिक प्लेटें हैं?"	5 कप और 7 प्लेटें हैं। कपों की तुलना में कितनी अधिक प्लेटें हैं?	2	5	9	14	plates	plates	plates	plates	7 - 5 = <2>	1	5	7	0	0					wordwindow-stone-yellow.png	wordwindow-stone-blue.png		
en-US	4	2	2	4	"दृष्टि के कल गणित के होमवर्क के 3 पृष्ठ थे। उसके पास आज गणित के होमवर्क के 9 पृष्ठ हैं। कल की तुलना में दृष्टि के आज और कितने पृष्ठ हैं"	दृष्टि के कल गणित के होमवर्क के 3 पृष्ठ थे। उसके पास आज गणित के होमवर्क के 9 पृष्ठ हैं। कल की तुलना में दृष्टि के आज और कितने पृष्ठ हैं?	3	6	9	12	pages	pages	pages	pages	9 - 3 = <6>	2	3	9	0	0					wordwindow-stone-blue.png	wordwindow-stone-yellow.png		
en-US	4	2	3	4	"आपके पास 7 गुब्बारे हैं और आपके मित्र के पास 5 गुब्बारे हैं। आपके मित्र के मुकाबले आपके पास कितने गुब्बारे ज़्यादा हैं?"	आपके पास 7 गुब्बारे हैं और आपके मित्र के पास 5 गुब्बारे हैं। आपके मित्र के मुकाबले आपके पास कितने गुब्बारे ज़्यादा हैं?	2	5	7	9	balloons	balloons	balloons	balloons	7 - 5 = <2>	1	7	5	0	0					wordwindow-stone-red.png	wordwindow-stone-blue.png		
en-US	4	2	4	4	"दीपेश ने स्कूल के बगीचे में 5 बीज लगाए। अलका ने 8 बीज लगाए। दीपेश ने अलका की तुलना में कितने कम बीज लगाए?"	दीपेश ने स्कूल के बगीचे में 5 बीज लगाए। अलका ने 8 बीज लगाए। दीपेश ने अलका की तुलना में कितने कम बीज लगाए?	3	5	8	10	seeds	seeds	seeds	seeds	8 - 5 = <3>	1	5	8	0	0					wordwindow-stone-green.png	wordwindow-stone-red.png		
en-US	4	2	5	4	"6 बीटल और 4 तितलियां हैं। बीटल की तुलना में कितनी कम तितलियां हैं?"	6 बीटल और 4 तितलियां हैं। बीटल की तुलना में कितनी कम तितलियां हैं?	2	4	6	8	butterflies	butterflies	butterflies	butterflies	6 - 4 = <2>	1	6	4	0	0					wordwindow-stone-red.png	wordwindow-stone-green.png		
en-US	4	3	1	4	"आपके पास 7 गुब्बारे हैं और आपके मित्र के पास 5 गुब्बारे हैं। आपके मित्र के मुकाबले आपके पास कितने गुब्बारे ज़्यादा हैं?"	आपके पास 7 गुब्बारे हैं और आपके मित्र के पास 5 गुब्बारे हैं। आपके मित्र के मुकाबले आपके पास कितने गुब्बारे ज़्यादा हैं?	2	5	7	9	balloons	balloons	balloons	balloons	7 - 5 = <2>	1	7	5	0	0					wordwindow-stone-red.png	wordwindow-stone-blue.png		
en-US	4	3	2	4	"पलक ने 3 किताबें पढ़ीं और राधिका ने 5 किताबें पढ़ीं। पलक की तुलना में राधिका ने कितनी और किताबें पढ़ीं?"	पलक ने 3 किताबें पढ़ीं और राधिका ने 5 किताबें पढ़ीं। पलक की तुलना में राधिका ने कितनी और किताबें पढ़ीं?	2	3	5	7	books	books	books	books	5 - 3 = <2>	1	3	5	0	0					wordwindow-stone-yellow.png	wordwindow-stone-red.png		
en-US	4	3	3	4	"6 पक्षी और 3 घोंसले हैं। घोंसलों की तुलना में कितने अधिक पक्षी हैं?"	6 पक्षी और 3 घोंसले हैं। घोंसलों की तुलना में कितने अधिक पक्षी हैं?	3	6	9	12	birds	birds	birds	birds	6 - 3 = <3>	1	6	3	0	0					wordwindow-stone-blue.png	wordwindow-stone-green.png		
en-US	4	3	4	4	"6 बीटल और 4 तितलियां हैं। बीटल की तुलना में कितनी कम तितलियां हैं?"	6 बीटल और 4 तितलियां हैं। बीटल की तुलना में कितनी कम तितलियां हैं?	2	4	6	8	butterflies	butterflies	butterflies	butterflies	6 - 4 = <2>	1	6	4	0	0					wordwindow-stone-red.png	wordwindow-stone-green.png		
en-US	4	3	5	4	"रेहमान ने 7 बिस्कुट और अलका ने 2 बिस्कुट  खाए। रेहमान की तुलना में अलका ने कितने कम बिस्कुट खाए?"	रेहमान ने 7 बिस्कुट और अलका ने 2 बिस्कुट  खाए। रेहमान की तुलना में अलका ने कितने कम बिस्कुट खाए?	3	5	7	9	biscuits	biscuits	biscuits	biscuits	7 - 2 = <5>	2	7	2	0	0					wordwindow-stone-yellow.png	wordwindow-stone-green.png		
en-US	5	1	1	1	"7 रेड एप्पल और 2 ग्रीन एप्पल टोकरी में हैं। टोकरी में कितने एप्पल हैं?"	7 रेड एप्पल और 2 ग्रीन एप्पल टोकरी में हैं। टोकरी में कितने एप्पल हैं?	6	7	8	9	apples	apples	apples	apples	7 + 2 = <9>	4	7	2	0	0					wordwindow-stone-red.png	wordwindow-stone-green.png		
en-US	5	1	2	1	"नियति ने सुबह 5 मछलियाँ पकड़ीं। उसने दोपहर में 4 और मछलियाँ पकड़ीं। नियति ने कुल कितनी मछली पकड़ीं?"	नियति ने सुबह 5 मछलियाँ पकड़ीं। उसने दोपहर में 4 अौर मछलियाँ पकड़ीं। नियति ने कुल कितनी मछली पकड़ीं?	6	7	8	9	fish	fish	fish	fish	5 + 4 = <9>	4	5	4	0	0					wordwindow-stone-red.png	wordwindow-stone-yellow.png		
en-US	5	1	3	1	"अपने जन्मदिन पर शरद को 3 नई शर्ट मिलीं। उसके पास पहले से ही 5 शर्ट थे। अब उसके पास कितनी शर्ट हैं?"	अपने जन्मदिन पर शरद को 3 नई शर्ट मिलीं। उसके पास पहले से ही 5 शर्ट थे। अब उसके पास कितनी शर्ट हैं?	6	7	8	9	shirts	shirts	shirts	shirts	3 + 5 = <8>	3	3	5	0	0					wordwindow-stone-blue.png	wordwindow-stone-yellow.png		
en-US	5	1	4	1	"राधा ने एक पेड़ में 12 और दूसरे पेड़ में 7 पक्षियों को देखा। उसने कुल कितने पक्षी देखे?"	राधा ने एक पेड़ में 12 और दूसरे पेड़ में 7 पक्षियों को देखा। उसने कुल कितने पक्षी देखे?	17	18	19	20	birds	birds	birds	birds	12 + 7 = <19>	3	12	7	0	0					wordwindow-stone-blue.png	wordwindow-stone-red.png		
en-US	5	1	5	1	"एक पानी की टंकी में 14 मछलियाँ हैं। केरी ने 3 और मछलियाँ टंकी में डालीं। टंकी में कितनी मछलियां हैं?"	एक पानी की टंकी में 14 मछलियाँ हैं। केरी ने 3 और मछलियाँ टंकी में डालीं। टंकी में कितनी मछलियां हैं?	14	15	16	17	fish	fish	fish	fish	14 + 3 = <17>	4	14	3	0	0					wordwindow-stone-yellow.png	wordwindow-stone-blue.png		
en-US	5	2	1	1	"दीपेश के पास 6 किताबें हैं। कार्तिक के पास 2 किताबें हैं। उनके पास सभी में कितनी किताबें हैं?"	दीपेश के पास 6 किताबें हैं। कार्तिक के पास 2 किताबें हैं। उनके पास सभी में कितनी किताबें हैं?	3	5	7	8	books	books	books	books	6 + 2 = <8>	4	6	2	0	0					wordwindow-stone-yellow.png	wordwindow-stone-green.png		
en-US	5	2	2	1	"जब वह स्कूल में गणित करती है, अनु स्टार स्टिकर कमाती है। कल, अनु ने 4 स्टार कमाए। आज उसने 3 और कमाए। अनु ने सभी में कितने स्टार कमाए?"	जब वह स्कूल में गणित करती है, अनु स्टार स्टिकर कमाती है। कल, अनु ने 4 स्टार कमाए। आज उसने 3 और कमाए। अनु ने सभी में कितने स्टार कमाए?	6	7	8	9	stars	stars	stars	stars	4 + 3 = <7>	2	4	3	0	0					wordwindow-stone-blue.png	wordwindow-stone-green.png		
en-US	5	2	3	1	"7 रेड एप्पल और 2 ग्रीन एप्पल टोकरी में हैं। टोकरी में कितने एप्पल हैं?"	7 रेड एप्पल और 2 ग्रीन एप्पल टोकरी में हैं। टोकरी में कितने एप्पल हैं?	6	7	8	9	apples	apples	apples	apples	7 + 2 = <9>	4	7	2	0	0					wordwindow-stone-red.png	wordwindow-stone-green.png		
en-US	5	2	4	1	"एक पानी की टंकी में 14 मछलियाँ हैं। केरी ने 3 और मछलियाँ टंकी में डालीं। टंकी में कितनी मछलियां हैं?"	एक पानी की टंकी में 14 मछलियाँ हैं। केरी ने 3 और मछलियाँ टंकी में डालीं। टंकी में कितनी मछलियां हैं?	14	15	16	17	fish	fish	fish	fish	14 + 3 = <17>	4	14	3	0	0					wordwindow-stone-yellow.png	wordwindow-stone-blue.png		
en-US	5	2	5	1	"राधा ने एक पेड़ में 12 और दूसरे पेड़ में 7 पक्षियों को देखा। उसने कुल कितने पक्षी देखे?"	राधा ने एक पेड़ में 12 और दूसरे पेड़ में 7 पक्षियों को देखा। उसने कुल कितने पक्षी देखे?	17	18	19	20	birds	birds	birds	birds	12 + 7 = <19>	3	12	7	0	0					wordwindow-stone-blue.png	wordwindow-stone-red.png		
en-US	6	1	1	4	"गणेश के पास 4 डाक टिकट हैं। दानिश के पास गणेश की तुलना में 5 अधिक डाक टिकट हैं। दानिश के पास कितने डाक टिकट हैं?"	गणेश के पास 4 डाक टिकट हैं। दानिश के पास गणेश की तुलना में 5 अधिक डाक टिकट हैं। दानिश के पास कितने डाक टिकट हैं?	4	5	9	11	stamps	stamps	stamps	stamps	4 + 5 = <9>	3	4	9	0	0					wordwindow-stone-blue.png	wordwindow-stone-green.png		
en-US	6	1	2	4	"पुस्तकालय में स्कूल कार्यालय की तुलना में 5 अधिक टेबल हैं। स्कूल के कार्यालय में 2 टेबल हैं। पुस्तकालय में कितने टेबल हैं?"	पुस्तकालय में स्कूल कार्यालय की तुलना में 5 अधिक टेबल हैं। स्कूल के कार्यालय में 2 टेबल हैं। पुस्तकालय में कितने टेबल हैं?	5	7	9	11	tables	tables	tables	tables	2 + 5 = <7>	2	7	2	0	0					wordwindow-stone-green.png	wordwindow-stone-red.png		
en-US	6	1	3	4	"स्कूल में दो खोया-पाया बक्से हैं। पहले बॉक्स में, 5 टोपी हैं। दूसरे बॉक्स में, पहले बॉक्स की तुलना में 4 अधिक टोपी हैं। दूसरे बॉक्स में कितनी टोपियाँ हैं?"	स्कूल में दो खोया-पाया बक्से हैं। पहले बॉक्स में, 5 टोपी हैं। दूसरे बॉक्स में, पहले बॉक्स की तुलना में 4 अधिक टोपी हैं। दूसरे बॉक्स में कितनी टोपियाँ हैं?	5	9	14	15	hats	hats	hats	hats	5 + 4 = <9>	2	5	9	0	0					wordwindow-stone-yellow.png	wordwindow-stone-red.png		
en-US	6	1	4	4	"खाने की मेज पर 10 प्लेटें हैं। प्लेटों की तुलना में 5 अधिक लोग हैं। कुल कितने लोग हैं?"	खाने की मेज पर 10 प्लेटें हैं। प्लेटों की तुलना में 5 अधिक लोग हैं। कुल कितने लोग हैं?	10	15	20	25	people	people	people	people	10 + 5 = <15>	2	10	15	0	0					wordwindow-stone-blue.png	wordwindow-stone-red.png		
en-US	6	1	5	4	"सुश्री जीत की कक्षा में 14 कुर्सियाँ हैं। श्री नकुल की कक्षा में 3 और कुर्सियाँ हैं। श्री नकुल की कक्षा में कितनी कुर्सियाँ हैं?"	सुश्री जीत की कक्षा में 14 कुर्सियाँ हैं। श्री नकुल की कक्षा में 3 और कुर्सियाँ हैं। श्री नकुल की कक्षा में कितनी कुर्सियाँ हैं?	11	14	17	20	chairs	chairs	chairs	chairs	14 + 3 = <17>	3	14	17	0	0					wordwindow-stone-blue.png	wordwindow-stone-yellow.png		
en-US	6	2	1	4	"शशांक के खेत में 2 बकरियाँ हैं। उसके खेत पर बकरियों की तुलना में 6 अधिक मुर्गियां हैं। उसके पास कितनी मुर्गियां हैं?"	शशांक के खेत में 2 बकरियाँ हैं। उसके खेत पर बकरियों की तुलना में 6 अधिक मुर्गियां हैं। उसके पास कितनी मुर्गियां हैं?	2	6	8	12	chickens	chickens	chickens	chickens	2 + 6 = <8>	3	2	8	0	0					wordwindow-stone-red.png	wordwindow-stone-green.png		
en-US	6	2	2	4	"रमेशना के पास फतौ से 5 ज्यादा पहेलियां हैं। फतौ के पास 3 पहेलियां हैं। रमेशना के पास कितनी पहेलियां हैं?"	रमेशना के पास फतौ से 5 ज्यादा पहेलियां हैं। फतौ के पास 3 पहेलियां हैं। रमेशना के पास कितनी पहेलियां हैं?	6	7	8	9	puzzles	puzzles	puzzles	puzzles	3 + 5 = <8>	3	8	3	0	0					wordwindow-stone-yellow.png	wordwindow-stone-green.png		
en-US	6	2	3	4	"बिली के पास 2 मार्बल्स हैं। लता के पास बिली की तुलना में 3 अधिक मार्बल्स हैं। लता के पास कितने मार्बल्स हैं?"	बिली के पास 2 मार्बल्स हैं। लता के पास बिली की तुलना में 3 अधिक मार्बल्स हैं। लता के पास कितने मार्बल्स हैं?	2	3	5	8	marbles	marbles	marbles	marbles	2 + 3 = <5>	3	2	5	0	0					wordwindow-stone-red.png	wordwindow-stone-blue.png		
en-US	6	2	4	4	"सुश्री जीत की कक्षा में 14 कुर्सियाँ हैं। श्री नकुल की कक्षा में 3 और कुर्सियाँ हैं। श्री नकुल की कक्षा में कितनी कुर्सियाँ हैं?"	सुश्री जीत की कक्षा में 14 कुर्सियाँ हैं। श्री नकुल की कक्षा में 3 और कुर्सियाँ हैं। श्री नकुल की कक्षा में कितनी कुर्सियाँ हैं?	11	14	17	20	chairs	chairs	chairs	chairs	14 + 3 = <17>	3	14	17	0	0					wordwindow-stone-blue.png	wordwindow-stone-yellow.png		
en-US	6	2	5	4	"खाने की मेज पर 10 प्लेटें हैं। प्लेटों की तुलना में 5 अधिक लोग हैं। कुल कितने लोग हैं?"	खाने की मेज पर 10 प्लेटें हैं। प्लेटों की तुलना में 5 अधिक लोग हैं। कुल कितने लोग हैं?	10	15	20	25	people	people	people	people	10 + 5 = <15>	2	10	15	0	0					wordwindow-stone-blue.png	wordwindow-stone-red.png		
en-US	7	1	1	2	"हैना 8 रोटियाँ बनाती है। वह अपने भाई को 3 रोटियाँ देती है। उसके पास कितनी रोटियाँ बची हैं?"	हैना 8 रोटियाँ बनाती है। वह अपने भाई को 3 रोटियाँ देती है। उसके पास कितनी रोटियाँ बची हैं?	8	7	6	5	rotis	rotis	rotis	rotis	8 - 3 = <5>	4	8	3	0	0					wordwindow-stone-yellow.png	wordwindow-stone-blue.png		
en-US	7	1	2	2	"पूजा के 9 कंगन हैं। वह उनमें से 2 खो देती है। पूजा के पास अभ कितने कंगन बचे हैं?"	पूजा के 9 कंगन हैं। वह उनमें से 2 खो देती है। पूजा के पास अभ कितने कंगन बचे हैं?	9	7	5	3	bracelets	bracelets	bracelets	bracelets	9 - 2 = <7>	2	9	2	0	0					wordwindow-stone-yellow.png	wordwindow-stone-green.png		
en-US	7	1	3	2	"आसमान में 9 पतंगें उड़ रही हैं। एक हवा 3 पतंगों को जमीन पर गिरा देती है। कितनी पतंगें अभी भी आसमान में उड़ रही हैं?"	आसमान में 9 पतंगें उड़ रही हैं। एक हवा 3 पतंगों को जमीन पर गिरा देती है। कितनी पतंगें अभी भी आसमान में उड़ रही हैं?	5	6	7	8	kites	kites	kites	kites	9 - 3 = <6>	2	9	3	0	0					wordwindow-stone-blue.png	wordwindow-stone-yellow.png		
en-US	7	1	4	2	"एक किसान ने 16 अंडे इकट्ठे किए। नाश्ता बनाने के लिए उसने 4 अंडों का इस्तेमाल किया। उसके पास कितने अंडे बचे हैं?"	एक किसान ने 16 अंडे इकट्ठे किए। नाश्ता बनाने के लिए उसने 4 अंडों का इस्तेमाल किया। उसके पास कितने अंडे बचे हैं?	11	12	13	14	eggs	eggs	eggs	eggs	16 - 4 = <12>	2	16	4	0	0					wordwindow-stone-green.png	wordwindow-stone-red.png		
en-US	7	1	5	2	"एक बाड़ पर 12 बिल्लियाँ हैं। 1 बिल्ली बाड़ से नीचे कूदती है। अब कितनी बिल्लियाँ बाड़ पर हैं?"	एक बाड़ पर 12 बिल्लियाँ हैं। 1 बिल्ली बाड़ से नीचे कूदती है। अब कितनी बिल्लियाँ बाड़ पर हैं?	11	12	13	14	cats	cats	cats	cats	12 - 1 = <11>	1	12	1	0	0					wordwindow-stone-blue.png	wordwindow-stone-red.png		
en-US	7	2	1	2	"आयुषी के पास 8 पेंसिल हैं। वह उनमें से 7 को खो देती है। आयुषी के आपस अभ कितनी पेंसिल बची हैं?"	आयुषी के पास 8 पेंसिल हैं। वह उनमें से 7 को खो देती है। आयुषी के आपस अभ कितनी पेंसिल बची हैं?	1	2	3	4	pencil	pencils	pencils	pencils	8 - 7 = <1>	1	8	7	0	0					wordwindow-stone-red.png	wordwindow-stone-green.png		
en-US	7	2	2	2	"आसमान में 9 पतंगें उड़ रही हैं। एक हवा 3 पतंगों को जमीन पर गिरा देती है। कितनी पतंगें अभी भी आसमान में उड़ रही हैं?"	आसमान में 9 पतंगें उड़ रही हैं। एक हवा 3 पतंगों को जमीन पर गिरा देती है। कितनी पतंगें अभी भी आसमान में उड़ रही हैं?	5	6	7	8	kites	kites	kites	kites	9 - 3 = <6>	2	9	3	0	0					wordwindow-stone-blue.png	wordwindow-stone-yellow.png		
en-US	7	2	3	2	"पुष्प के पास 7 बिस्कुट हैं। वह उनमें से 2 खाती है। उसके पास कितनी बिस्कुट बची हैं?"	पुष्प के पास 7 बिस्कुट हैं। वह उनमें से 2 खाती है। उसके पास कितनी बिस्कुट बची हैं?	3	4	5	6	biscuits	biscuits	biscuits	biscuits	7 - 2 = <5>	3	7	2	0	0					wordwindow-stone-red.png	wordwindow-stone-blue.png		
en-US	7	2	4	2	"एक बाड़ पर 12 बिल्लियाँ हैं। 1 बिल्ली बाड़ से नीचे कूदती है। अब कितनी बिल्लियाँ बाड़ पर हैं?"	एक बाड़ पर 12 बिल्लियाँ हैं। 1 बिल्ली बाड़ से नीचे कूदती है। अब कितनी बिल्लियाँ बाड़ पर हैं?	11	12	13	14	cats	cats	cats	cats	12 - 1 = <11>	1	12	1	0	0					wordwindow-stone-blue.png	wordwindow-stone-red.png		
en-US	7	2	5	2	"एक किसान ने 16 अंडे इकट्ठे किए। नाश्ता बनाने के लिए उसने 4 अंडों का इस्तेमाल किया। उसके पास कितने अंडे बचे हैं?"	एक किसान ने 16 अंडे इकट्ठे किए। नाश्ता बनाने के लिए उसने 4 अंडों का इस्तेमाल किया। उसके पास कितने अंडे बचे हैं?	11	12	13	14	eggs	eggs	eggs	eggs	16 - 4 = <12>	2	16	4	0	0					wordwindow-stone-green.png	wordwindow-stone-red.png		
en-US	8	1	1	5	"अलका और तरुण के 5 बच्चे हैं। उनमें से 2 बेटे हैं। उनकी कितनी बेटियाँ हैं?"	अलका और तरुण के 5 बच्चे हैं। उनमें से 2 बेटे हैं। उनकी कितनी बेटियाँ हैं?	2	3	4	5	daughters	daughters	daughters	daughters	5 = 2 + <3>	2	2	3	0	0					wordwindow-stone-blue.png	wordwindow-stone-green.png		
en-US	8	1	2	5	"उर्मि की अलमारी में 7 शर्ट हैं। उनमें से 3 नीले हैं और बाकी हरे हैं। उसके पास कितनी हरी शर्ट है?"	उर्मि की अलमारी में 7 शर्ट हैं। उनमें से 3 नीले हैं और बाकी हरे हैं। उसके पास कितनी हरी शर्ट है?	3	4	5	6	green shirts	green shirts	green shirts	green shirts	7 = 3 + <4>	2	3	4	0	0					wordwindow-stone-blue.png	wordwindow-stone-green.png		
en-US	8	1	3	5	"एक कक्षा में 9 बच्चे हैं। उनमें से 6 लडक़े हैं। कक्षा में कितनी लड़कियाँ हैं?"	एक कक्षा में 9 बच्चे हैं। उनमें से 6 लड़के हैं। कक्षा में कितनी लड़कियाँ हैं?	3	6	9	12	girls	girls	girls	girls	9 = 6 + <3>	1	6	3	0	0					wordwindow-stone-red.png	wordwindow-stone-yellow.png		
en-US	8	1	4	5	"सुमित और रेवेन ने एक साथ 8 तस्वीरें खींचीं। सुमित ने 3 तस्वीरें खींचे। रेवेन ने कितने तस्वीरें खींचे?"	सुमित और रेवेन ने एक साथ 8 तस्वीरें खींचीं। सुमित ने 3 तस्वीरें खींचे। रेवेन ने कितने तस्वीरें खींचे?	3	5	8	11	pictures	pictures	pictures	pictures	8 = 3 + <5>	2	3	5	0	0					wordwindow-stone-blue.png	wordwindow-stone-yellow.png		
en-US	8	1	5	5	"गौरीी और उसके भाई ने 6 आमों को उठाया। गौरीी ने 4 आम उठाए। उसके भाई ने कितने आम उठाए?"	गौरीी और उसके भाई ने 6 आमों को उठाया। गौरीी ने 4 आम उठाए। उसके भाई ने कितने आम उठाए?	2	4	6	8	mangoes	mangoes	mangoes	mangoes	6 = 4 + <2>	1	4	2	0	0					wordwindow-stone-red.png	wordwindow-stone-green.png		
en-US	8	2	1	5	"अलका के पास 9 गुब्बारे हैं। 6 ग्रीन हैं और बाकी ब्लू हैं। ब्लू गुब्बारे कितने हैं?"	अलका के पास 9 गुब्बारे हैं। 6 ग्रीन  हैं और बाकी ब्लू हैं। ब्लू  गुब्बारे कितने हैं?	2	3	4	5	balloons	balloons	balloons	balloons	9 = 6 + <3>	2	6	3	0	0					wordwindow-stone-green.png	wordwindow-stone-blue.png		
en-US	8	2	2	5	"गौरीी और उसके भाई ने 6 आमों को उठाया। गौरीी ने 4 आम उठाए। उसके भाई ने कितने आम उठाए?"	गौरीी और उसके भाई ने 6 आमों को उठाया। गौरीी ने 4 आम उठाए। उसके भाई ने कितने आम उठाए?	2	4	6	8	mangoes	mangoes	mangoes	mangoes	6 = 4 + <2>	1	4	2	0	0					wordwindow-stone-red.png	wordwindow-stone-green.png		
en-US	8	2	3	5	"अमन की बिल्ली के 9 बच्चे थे। उनमें से 5 वाइट हैं और बाकी ग्रे हैं। बिल्ली के कितने ग्रे बच्चे थे?"	अमन की बिल्ली के 9 बच्चे थे। उनमें से 5 वाइट हैं और बाकी ग्रे हैं। बिल्ली के कितने ग्रे बच्चे थे?	2	4	7	9	kittens	kittens	kittens	kittens	9 = 5 + <4>	2	5	4	0	0					wordwindow-stone-blue.png	wordwindow-stone-red.png		
en-US	8	2	4	5	"सुश्री तरुणन्स ने चीनी के 8 बैग का आदेश दिया। 5 बैग आज वितरित किए गए हैं। बाकी कल पहुंचाए जाएंगे। कल चीनी के कितने बैग वितरित किए जाएंगे?"	सुश्री तरुणन्स ने चीनी के 8 बैग का आदेश दिया। 5 बैग आज वितरित किए गए हैं। बाकी कल पहुंचाए जाएंगे। कल चीनी के कितने बैग वितरित किए जाएंगे?	2	3	5	8	bags	bags	bags	bags	8 = 5 + <3>	2	5	3	0	0					wordwindow-stone-red.png	wordwindow-stone-blue.png		
en-US	8	2	5	5	"अलका और तरुण के 5 बच्चे हैं। उनमें से 2 बेटे हैं। उनकी कितनी बेटियाँ हैं?"	अलका और तरुण के 5 बच्चे हैं। उनमें से 2 बेटे हैं। उनकी कितनी बेटियाँ हैं?	2	3	4	5	daughters	daughters	daughters	daughters	5 = 2 + <3>	2	2	3	0	0					wordwindow-stone-blue.png	wordwindow-stone-green.png		
en-US	8	3	1	5	"एक बॉक्स में 4 गेंदें हैं। उनमें से 2 सॉकर बॉल हैं और बाकी बास्गौरी बॉल हैं। बास्गौरीबाल कितने हैं?"	एक बॉक्स में 4 गेंदें हैं। उनमें से 2 सॉकर बॉल हैं और बाकी बास्गौरी बॉल हैं। बास्गौरीबाल कितने हैं?	2	4	6	8	basketballs	basketballs	basketballs	basketballs	4 = 2 + <2>	1	2	2	0	0					wordwindow-stone-yellow.png	wordwindow-stone-green.png		
en-US	8	3	2	5	"अदिति के पास 5 किताबें हैं। उनमें से 3 विज्ञान की किताबें हैं और बाकी स्टोरीबुक हैं। स्टोरीबुक कितने हैं?"	अदिति के पास 5 किताबें हैं। उनमें से 3 विज्ञान की किताबें हैं और बाकी स्टोरीबुक हैं। स्टोरीबुक कितने हैं?	2	3	4	5	storybooks	storybooks	storybooks	storybooks	5 = 3 + <2>	1	3	2	0	0					wordwindow-stone-yellow.png	wordwindow-stone-red.png		
en-US	8	3	3	5	"सुमित और रेवेन ने एक साथ 8 तस्वीरें खींचीं। सुमित ने 3 तस्वीरें खींचे। रेवेन ने कितने तस्वीरें खींचे?"	सुमित और रेवेन ने एक साथ 8 तस्वीरें खींचीं। सुमित ने 3 तस्वीरें खींचे। रेवेन ने कितने तस्वीरें खींचे?	3	5	8	11	pictures	pictures	pictures	pictures	8 = 3 + <5>	2	3	5	0	0					wordwindow-stone-blue.png	wordwindow-stone-yellow.png		
en-US	8	3	4	5	"उर्मि की अलमारी में 7 शर्ट हैं। उनमें से 3 नीले हैं और बाकी हरे हैं। उसके पास कितनी हरी शर्ट है?"	उर्मि की अलमारी में 7 शर्ट हैं। उनमें से 3 नीले हैं और बाकी हरे हैं। उसके पास कितनी हरी शर्ट है?	3	4	5	6	green shirts	green shirts	green shirts	green shirts	7 = 3 + <4>	2	3	4	0	0					wordwindow-stone-blue.png	wordwindow-stone-green.png		
en-US	8	3	5	5	"सुश्री तरुणन्स ने चीनी के 8 बैग का आदेश दिया। 5 बैग आज वितरित किए गए हैं। बाकी कल पहुंचाए जाएंगे। कल चीनी के कितने बैग वितरित किए जाएंगे?"	सुश्री तरुणन्स ने चीनी के 8 बैग का आदेश दिया। 5 बैग आज वितरित किए गए हैं। बाकी कल पहुंचाए जाएंगे। कल चीनी के कितने बैग वितरित किए जाएंगे?	2	3	5	8	bags	bags	bags	bags	8 = 5 + <3>	2	5	3	0	0					wordwindow-stone-red.png	wordwindow-stone-blue.png		
en-US	9	1	1	6	"नकुल के पास 4 मार्बल्स हैं। सू ने नकुल को कुछ और मार्बल्स दिए और अब उसके पास कुल 6 मार्बल्स हैं। सू ने नकुल को कितने मार्बल्स दिए?"	ीटर के पास 4 मार्बल्स हैं। सू ने नकुल को कुछ और मार्बल्स दिए और अब उसके पास कुल 6 मार्बल्स हैं। सू ने नकुल को कितने मार्बल्स दिए?	2	3	4	5	marbles	marbles	marbles	marbles	4 + <2>= 6	1					4	2	+	B	wordwindow-stone-red.png	wordwindow-stone-blue.png		
en-US	9	1	2	6	"लंच से पहले नकुल ने अपनी किताब के 6 पेज पढ़े। लंच के बाद उसने कुछ और पढ़ा। यदि नकुल ने सभी में 9 पेज पढ़े, तो लंच के बाद उसने कितने पेज पढ़े?"	लंच से पहले नकुल ने अपनी किताब के 6 पेज पढ़े। लंच के बाद उसने कुछ और पढ़ा। यदि नकुल ने सभी में 9 पेज पढ़े, तो लंच के बाद उसने कितने पेज पढ़े	3	6	9	12	pages	pages	pages	pages	6 + <3> = 9	1					6	3	+	B	wordwindow-stone-yellow.png	wordwindow-stone-red.png		
en-US	9	1	3	6	"विराट ने एक स्टोर में जाकर कुछ टी-शर्ट खरीदीं। वह दूसरे स्टोर में गया और 2 और टी-शर्ट खरीदे। उसने कुल 7 टी-शर्ट खरीदीं। उसने पहली दुकान पर कितनी टी-शर्ट खरीदीं"	विराट ने एक स्टोर में जाकर कुछ टी-शर्ट खरीदीं। वह दूसरे स्टोर में गया और 2 और टी-शर्ट खरीदे। उसने कुल 7 टी-शर्ट खरीदीं। उसने पहली दुकान पर कितनी टी-शर्ट खरीदीं	3	5	7	9	t-shirts	t-shirts	t-shirts	t-shirts	<5> + 2 = 7	2					5	2	+	A	wordwindow-stone-blue.png	wordwindow-stone-yellow.png		
en-US	9	1	4	6	"रिया ने अपने घर के सामने 4 बिल्लियाँ देखीं। वह सोने चली गई और जब वह सोकर उठी तो उसके घर के सामने 7 बिल्लियाँ थीं। सोते समय उसके घर में कितनी बिल्लियाँ आईं?"	रिया ने अपने घर के सामने 4 बिल्लियाँ देखीं। वह सोने चली गई और जब वह सोकर उठी तो उसके घर के सामने 7 बिल्लियाँ थीं। सोते समय उसके घर में कितनी बिल्लियाँ आईं?	2	3	4	5	cats	cats	cats	cats	4 + <3> = 7	2					4	3	+	B	wordwindow-stone-blue.png	wordwindow-stone-red.png		
en-US	9	1	5	6	"आपके पास कुछ टिकटें हैं। आपका भाई आपको 6 टिकट देता है। अब आपके पास 10 टिकट हैं। आपके पास पहले से  कितने टिकटें थी?"	आपके पास कुछ टिकटें हैं। आपका भाई आपको 6 टिकट देता है। अब आपके पास 10 टिकट हैं। आपके पास पहले से  कितने टिकटें थी?	2	4	6	8	stamps	stamps	stamps	stamps	<4>+ 6 = 10	2					4	6	+	A	wordwindow-stone-red.png	wordwindow-stone-yellow.png		
en-US	9	2	1	6	"टेस ने सुबह 3 फूल उठाए। उसने दोपहर में कुछ और फूल उठाए। यदि टेस ने सभी में 8 फूल उठाए, तो उसने दोपहर में कितने उठाए?"	टेस ने सुबह 3 फूल उठाए। उसने दोपहर में कुछ और फूल उठाए। यदि टेस ने सभी में 8 फूल उठाए, तो उसने दोपहर में कितने उठाए?	2	4	5	8	flowers	flowers	flowers	flowers	3 + <5> = 8	3					3	5	+	B	wordwindow-stone-blue.png	wordwindow-stone-green.png		
en-US	9	2	2	6	"ली ने अपने घर के सामने 4 बिल्लियाँ देखीं। वह सोने चली गई और जब वह सोकर उठी तो उसके घर के सामने 7 बिल्लियाँ थीं। सोते समय उसके घर में कितनी बिल्लियाँ आईं?"	रिया ने अपने घर के सामने 4 बिल्लियाँ देखीं। वह सोने चली गई और जब वह सोकर उठी तो उसके घर के सामने 7 बिल्लियाँ थीं। सोते समय उसके घर में कितनी बिल्लियाँ आईं?	2	3	4	5	cats	cats	cats	cats	4 + <3> = 7	2					4	3	+	B	wordwindow-stone-blue.png	wordwindow-stone-red.png		
en-US	9	2	3	6	"उमा की पेल में कुछ शंख थीं। वह 2 और शंख पाती है। अब उसके पास कुल 8 शंख हैं। उसके पास पहले से कितने शंख थे?"	उमा की पेल में कुछ शंख थीं। वह 2 और शंख पाती है। अब उसके पास कुल 8 शंख हैं। उसके पास पहले से कितने शंख थे?	2	4	6	8	seashells	seashells	seashells	seashells	<6> + 2 = 8	3					6	2	+	A	wordwindow-stone-red.png	wordwindow-stone-green.png		
en-US	9	2	4	6	"विराट ने एक स्टोर में जाकर कुछ टी-शर्ट खरीदीं। वह दूसरे स्टोर में गया और 2 और टी-शर्ट खरीदे। उसने कुल 7 टी-शर्ट खरीदीं। उसने पहली दुकान पर कितनी टी-शर्ट खरीदीं"	विराट ने एक स्टोर में जाकर कुछ टी-शर्ट खरीदीं। वह दूसरे स्टोर में गया और 2 और टी-शर्ट खरीदे। उसने कुल 7 टी-शर्ट खरीदीं। उसने पहली दुकान पर कितनी टी-शर्ट खरीदीं	3	5	7	9	t-shirts	t-shirts	t-shirts	t-shirts	<5> + 2 = 7	2					5	2	+	A	wordwindow-stone-blue.png	wordwindow-stone-yellow.png		
en-US	9	2	5	6	"एक किसान के पास 7 एप्पल के पेड़ थे। उसने कुछ और पेड़ खरीदे और अब उसके बाग में 10 एप्पल के पेड़ हैं। उसने कितने एप्पल के पेड़ खरीदे?"	उमा की पेल में कुछ शंख थीं। वह 2 और शंख पाती है। अब उसके पास कुल 8 शंख हैं। उसके पास पहले से कितने शंख थे?	2	3	4	5	trees	trees	trees	trees	7 + <3> = 10	2					7	3	+	B	wordwindow-stone-yellow.png	wordwindow-stone-blue.png		
en-US	9	3	1	6	"एक फुटबॉल फ़राज़ ने पहले हाफ में 3 गोल किए। फिर उन्होंने दूसरे हाफ में अधिक गोल किए। उन्होंने 5 गोल से गेम जीता! दूसरे हाफ में उन्होंने कितने गोल किए?"	एक फुटबॉल फ़राज़ ने पहले हाफ में 3 गोल किए। फिर उन्होंने दूसरे हाफ में अधिक गोल किए। उन्होंने 5 गोल से गेम जीता! दूसरे हाफ में उन्होंने कितने गोल किए?	2	5	8	10	goals	goals	goals	goals	3 + <2> = 5	1					3	2	+	B	wordwindow-stone-yellow.png	wordwindow-stone-green.png		
en-US	9	3	2	6	"नकुल के पास 4 मार्बल्स हैं। सू ने नकुल को कुछ और मार्बल्स दिए और अब उसके पास कुल 6 मार्बल्स हैं। सू ने नकुल को कितने मार्बल्स दिए?"	नकुल के पास 4 मार्बल्स हैं। सू ने नकुल को कुछ और मार्बल्स दिए और अब उसके पास कुल 6 मार्बल्स हैं। सू ने नकुल को कितने मार्बल्स दिए?	2	3	4	5	marbles	marbles	marbles	marbles	4 + <2>= 6	1					4	2	+	B	wordwindow-stone-red.png	wordwindow-stone-blue.png		
en-US	9	3	3	6	"विराट ने एक स्टोर में जाकर कुछ टी-शर्ट खरीदीं। वह दूसरे स्टोर में गया और 2 और टी-शर्ट खरीदे। उसने कुल 7 टी-शर्ट खरीदीं। उसने पहली दुकान पर कितनी टी-शर्ट खरीदीं?"	विराट ने एक स्टोर में जाकर कुछ टी-शर्ट खरीदीं। वह दूसरे स्टोर में गया और 2 और टी-शर्ट खरीदे। उसने कुल 7 टी-शर्ट खरीदीं। उसने पहली दुकान पर कितनी टी-शर्ट खरीदीं	3	5	7	9	t-shirts	t-shirts	t-shirts	t-shirts	<5> + 2 = 7	2					5	2	+	A	wordwindow-stone-blue.png	wordwindow-stone-yellow.png		
en-US	9	3	4	6	"लंच से पहले नकुल ने अपनी किताब के 6 पेज पढ़े। लंच के बाद उसने कुछ और पढ़ा। यदि नकुल ने सभी में 9 पेज पढ़े, तो लंच के बाद उसने कितने पेज पढ़े?"	लंच से पहले नकुल ने अपनी किताब के 6 पेज पढ़े। लंच के बाद उसने कुछ और पढ़ा। यदि नकुल ने सभी में 9 पेज पढ़े, तो लंच के बाद उसने कितने पेज पढ़े	3	6	9	12	pages	pages	pages	pages	6 + <3> = 9	1					6	3	+	B	wordwindow-stone-yellow.png	wordwindow-stone-red.png		
en-US	9	3	5	6	"एक जार में कुछ झींगुर होते हैं। आप 5 और झींगुर लेते हैं और अब सभी में 10 झींगुर हैं। आपने कितने झींगुर लिए हैं?"	एक जार में कुछ झींगुर होते हैं। आप 5 और झींगुर लेते हैं और अब सभी में 10 झींगुर हैं। आपने कितने झींगुर लिए हैं?	2	3	4	5	crickets	crickets	crickets	crickets	<5> + 5 = 10	4					5	5	+	A	wordwindow-stone-green.png	wordwindow-stone-red.png		
en-US	10	1	1	6	"अलका ने अपने परिवार के लिए 6 सैंडविच बनाए। उसके परिवार ने कुछ खाया और 2 बचे थे। उसके परिवार ने कितने सैंडविच खाए?"	अलका ने अपने परिवार के लिए 6 सैंडविच बनाए। उसके परिवार ने कुछ खाया और 2 बचे थे। उसके परिवार ने कितने सैंडविच खाए?	2	4	6	8	sandwiches	sandwiches	sandwiches	sandwiches	6 - <4> = 2	2					6	4	-	B	wordwindow-stone-blue.png	wordwindow-stone-red.png		
en-US	10	1	2	6	"7 लडक़े अपनी बाइक चलाते हैं। कुछ लडक़े घर जाते हैं। 5 लडक़े अपनी बाइक चलाना जारी रखते हैं। कितने लडक़े घर गए?"	7 लडक़े अपनी बाइक चलाते हैं। कुछ लडक़े घर जाते हैं। 5 लडक़े अपनी बाइक चलाना जारी रखते हैं। कितने लडक़े घर गए?	2	5	7	10	boys	boys	boys	boys	7 - <2> = 5	1					7	2	-	B	wordwindow-stone-yellow.png	wordwindow-stone-red.png		
en-US	10	1	3	6	"राम और उसके दोस्त 9 पतंग उड़ाते हैं। कुछ पतंग एक पेड़ में फंस जाती हैं। 6 पतंगें अभी भी उड़ रही हैं। पेड़ में कितनी पतंगें अटकी हैं?"	राम और उसके दोस्त 9 पतंग उड़ाते हैं। कुछ पतंग एक पेड़ में फंस जाती हैं। 6 पतंगें अभी भी उड़ रही हैं। पेड़ में कितनी पतंगें अटकी हैं?	3	6	9	10	kites	kites	kites	kites	9 - <3>= 6	1					9	3	-	B	wordwindow-stone-red.png	wordwindow-stone-green.png		
en-US	10	1	4	6	"मेरे पास 10 एपल्स हैं। मैं कुछ एपल्स खाता हूं। मेरे पास 4 एपल्स बचे हैं। मैंने कितने एपल्स खाए?"	मेरे पास 10 एपल्स हैं। मैं कुछ एपल्स खाता हूं। मेरे पास 4 एपल्स बचे हैं। मैंने कितने एपल्स खाए?	4	6	8	10	apples	apples	apples	apples	10 - <6> = 4	2					10	6	-	B	wordwindow-stone-red.png	wordwindow-stone-yellow.png		
en-US	10	1	5	6	"एक मोहन गुब्बारे ले जा रहा था लेकिन हवा ने 6 उड़ा दिए। उसके पास 2 गुब्बारे बचे हैं। उसके पास पहले कितने गुब्बारे थे?"	एक मोहन गुब्बारे ले जा रहा था लेकिन हवा ने 6 उड़ा दिए। उसके पास 2 गुब्बारे बचे हैं। उसके पास पहले कितने गुब्बारे थे?	4	8	12	16	balloons	balloons	balloons	balloons	<8> - 6 = 2	2					8	6	-	A	wordwindow-stone-blue.png	wordwindow-stone-green.png		
en-US	10	2	1	6	"कल, दुकान में चावल के 7 बैग थे। आज, दुकान में चावल के 2 बैग हैं। दुकान में कितने बैग चावल बिक गए?"	कल, दुकान में चावल के 7 बैग थे। आज, दुकान में चावल के 2 बैग हैं। दुकान में कितने बैग चावल बिक गए?	2	3	5	7	bags	bags	bags	bags	7 - <5> = 2	3					7	5	-	B	wordwindow-stone-red.png	wordwindow-stone-blue.png		
en-US	10	2	2	6	"एक पेड़ की शाखा पर 8 पक्षी बैठे। कुछ उड़ गए। अब शाखा पर 3 पक्षी हैं। कितने पक्षी उड़ गए?"	एक पेड़ की शाखा पर 8 पक्षी बैठे। कुछ उड़ गए। अब शाखा पर 3 पक्षी हैं। कितने पक्षी उड़ गए?	3	5	8	10	birds	birds	birds	birds	8 - <5> = 3	2					8	5	-	B	wordwindow-stone-yellow.png	wordwindow-stone-blue.png		
en-US	10	2	3	6	"अलका ने अपने परिवार के लिए 6 सैंडविच बनाए। उसके परिवार ने कुछ खाया और 2 बचे थे। उसके परिवार ने कितने सैंडविच खाए?"	अलका ने अपने परिवार के लिए 6 सैंडविच बनाए। उसके परिवार ने कुछ खाया और 2 बचे थे। उसके परिवार ने कितने सैंडविच खाए?	2	4	6	8	sandwiches	sandwiches	sandwiches	sandwiches	6 - <4> = 2	2					6	4	-	B	wordwindow-stone-blue.png	wordwindow-stone-red.png		
en-US	10	2	4	6	"उर्वशी ने घर के बने जाम के 10 जार बाजार में लाए। उसने कुछ जार बेचे और 3 जार बचे थे। उसने बाजार में कितने जार बेचे?"	उर्वशी ने घर के बने जाम के 10 जार बाजार में लाए। उसने कुछ जार बेचे और 3 जार बचे थे। उसने बाजार में कितने जार बेचे?	3	5	7	9	jars	jars	jars	jars	10 - <7> = 3	3					10	7	-	B	wordwindow-stone-yellow.png	wordwindow-stone-green.png		
en-US	10	2	5	6	"टिम के कुत्ते ने कुछ पिल्लों को जन्म दिया। टिम ने अपने दोस्तों को 6 पिल्ले दिए। अब उसके पास 2 पिल्ले बचे हैं। उसके कुत्ते ने कितने पिल्लों को जन्म दिया?"	टिम के कुत्ते ने कुछ पिल्लों को जन्म दिया। टिम ने अपने दोस्तों को 6 पिल्ले दिए। अब उसके पास 2 पिल्ले बचे हैं। उसके कुत्ते ने कितने पिल्लों को जन्म दिया?	2	4	6	8	puppies	puppies	puppies	puppies	<8> - 6 = 2	4					8	6	-	A	wordwindow-stone-green.png	wordwindow-stone-red.png		
en-US	10	3	1	6	"एक पेड़ की शाखा पर 8 पक्षी बैठे। कुछ उड़ गए। अब शाखा पर 3 पक्षी हैं। कितने पक्षी उड़ गए?"	एक पेड़ की शाखा पर 8 पक्षी बैठे। कुछ उड़ गए। अब शाखा पर 3 पक्षी हैं। कितने पक्षी उड़ गए?	3	5	8	10	birds	birds	birds	birds	8 - <5> = 3	2					8	5	-	B	wordwindow-stone-yellow.png	wordwindow-stone-blue.png		
en-US	10	3	2	6	"राम और उसके दोस्त 9 पतंग उड़ाते हैं। कुछ पतंग एक पेड़ में फंस जाती हैं। 6 पतंगें अभी भी उड़ रही हैं। पेड़ में कितनी पतंगें अटकी हैं?"	राम और उसके दोस्त 9 पतंग उड़ाते हैं। कुछ पतंग एक पेड़ में फंस जाती हैं। 6 पतंगें अभी भी उड़ रही हैं। पेड़ में कितनी पतंगें अटकी हैं?	3	6	9	10	kites	kites	kites	kites	9 - <3>= 6	1					9	3	-	B	wordwindow-stone-red.png	wordwindow-stone-green.png		
en-US	10	3	3	6	"कल, दुकान में चावल के 7 बैग थे। आज, दुकान में चावल के 2 बैग हैं। दुकान में कितने बैग चावल बिक गए?"	कल, दुकान में चावल के 7 बैग थे। आज, दुकान में चावल के 2 बैग हैं। दुकान में कितने बैग चावल बिक गए?	2	3	5	7	bags	bags	bags	bags	7 - <5> = 2	3					7	5	-	B	wordwindow-stone-red.png	wordwindow-stone-blue.png		
en-US	10	3	4	6	"कुछ आम टोकरी में थे। टोकरी से 4 आम प्रदीपाले गए थे। अब 6 आम हैं। टोकरी में पहले कितने आम थे?"	कुछ आम टोकरी में थे। टोकरी से 4 आम प्रदीपाले गए थे। अब 6 आम हैं। टोकरी में पहले कितने आम थे?	4	8	10	12	mangoes	mangoes	mangoes	mangoes	<10> - 4 = 6	3					10	4	-	A	wordwindow-stone-blue.png	wordwindow-stone-yellow.png		
en-US	10	3	5	6	"एक मोहन गुब्बारे ले जा रहा था लेकिन हवा ने 6 उड़ा दिए। उसके पास 2 गुब्बारे बचे हैं। उसके पास पहले  कितने गुब्बारे थे?"	एक मोहन गुब्बारे ले जा रहा था लेकिन हवा ने 6 उड़ा दिए। उसके पास 2 गुब्बारे बचे हैं। उसके पास पहले कितने गुब्बारे थे?	4	8	12	16	balloons	balloons	balloons	balloons	<8> - 6 = 2	2					8	6	-	A	wordwindow-stone-blue.png	wordwindow-stone-green.png		
en-US	11	1	1	1	"अंशु ने 8 कैंडी खरीदी और अलका ने 9 कैंडी खरीदी। उन्होंने सभी में कितनी कैंडी खरीदी?"	अंशु ने 8 कैंडी खरीदी और अलका ने 9 कैंडी खरीदी। उन्होंने सभी में कितनी कैंडी खरीदी?	15	16	17	18	candies	candies	candies	candies	8 + 9 = <17>	3	8	9	0	0					wordwindow-stone-yellow.png	wordwindow-stone-blue.png		
en-US	11	1	2	1	"रूही के पास 5 मार्बल हैं। जादेन के पास 8 मार्बल हैं। उनके पास कुल मिलाकर कितने मार्बल हैं?"	रूही के पास 5 मार्बल हैं। जादेन के पास 8 मार्बल हैं। उनके पास कुल मिलाकर कितने मार्बल हैं?	11	12	13	14	marbles	marbles	marbles	marbles	5 + 8 = <13>	3	5	8	0	0					wordwindow-stone-green.png	wordwindow-stone-red.png		
en-US	11	1	3	1	"शेल्फ पर 8 किताबें हैं। मार्टा ने 6 और किताबें शेल्फ पर रखीं। कितनी किताबें शेल्फ पर हैं?"	शेल्फ पर 8 किताबें हैं। मार्टा ने 6 और किताबें शेल्फ पर रखीं। कितनी किताबें शेल्फ पर हैं?	11	12	13	14	books	books	books	books	8 + 6 = <14>	4	8	6	0	0					wordwindow-stone-red.png	wordwindow-stone-blue.png		
en-US	11	1	4	1	"समीरा एक जन्मदिन की पार्टी के लिए तैयारी कर रही है। उसने आज सुबह 6 गुब्बारे फुलाए और दुपहर को 5 गुब्बारे फुलाए। उसने सभी में कितने गुब्बारे फुलाए?"	समीरा एक जन्मदिन की पार्टी के लिए तैयारी कर रही है। उसने आज सुबह 6 गुब्बारे फुलाए और दुपहर को 5 गुब्बारे फुलाए। उसने सभी में कितने गुब्बारे फुलाए?	11	12	13	14	balloons	balloons	balloons	balloons	6 + 5 = <11>	1	6	5	0	0					wordwindow-stone-red.png	wordwindow-stone-yellow.png		
en-US	11	1	5	1	"दराज में 7 पेंसिल हैं। दान ने दराज में 9 और पेंसिल रखीं। दराज में कितने पेंसिल हैं?"	दराज में 7 पेंसिल हैं। दान ने दराज में 9 और पेंसिल रखीं। दराज में कितने पेंसिल हैं?	14	16	18	20	pencils	pencils	pencils	pencils	7 + 9 = <16>	2	7	9	0	0					wordwindow-stone-red.png	wordwindow-stone-green.png		
en-US	11	2	1	1	"अलकाेट के पास 8 संतरे हैं और मोहित के पास 4 संतरे हैं। उनके पास कुल मिलाकर कितने संतरे हैं?"	अलकाेट के पास 8 संतरे हैं और मोहित के पास 4 संतरे हैं। उनके पास कुल मिलाकर कितने संतरे हैं?	10	12	14	16	oranges	oranges	oranges	oranges	8 + 4 = <12>	2	8	4	0	0					wordwindow-stone-yellow.png	wordwindow-stone-red.png		
en-US	11	2	2	1	"बस में 6 लड़कियां और 7 लडक़े हैं। बस में कितने बच्चे हैं?"	बस में 6 लड़कियां और 7 लडक़े हैं। बस में कितने बच्चे हैं?	11	12	13	14	children	children	children	children	6 + 7 = <13>	3	6	7	0	0					wordwindow-stone-yellow.png	wordwindow-stone-green.png		
en-US	11	2	3	1	"एक किसान ने लंच से पहले मकई की 5 पंक्तियाँ लगाईं। उसने लंच के बाद 7 और पंक्तियाँ लगाईं। उसने दिन के दौरान मकई की कितनी पंक्तियाँ लगाईं?"	एक किसान ने लंच से पहले मकई की 5 पंक्तियाँ लगाईं। उसने लंच के बाद 7 और पंक्तियाँ लगाईं। उसने दिन के दौरान मकई की कितनी पंक्तियाँ लगाईं?	11	12	13	14	rows	rows	rows	rows	5 + 7 = <12>	2	5	7	0	0					wordwindow-stone-blue.png	wordwindow-stone-green.png		
en-US	11	2	4	1	"एक बस में 7 बच्चे सवार हैं। 4 और बच्चे बस में चढ़े। बस में कितने बच्चे हैं?"	एक बस में 7 बच्चे सवार हैं। 4 और बच्चे बस में चढ़े। बस में कितने बच्चे हैं?	11	12	13	14	children	children	children	children	7 + 4 = <11>	1	7	4	0	0					wordwindow-stone-blue.png	wordwindow-stone-red.png		
en-US	11	2	5	1	"अंशु ने 8 कैंडी खरीदी और अलका ने 9 कैंडी खरीदी। उन्होंने सभी में कितनी कैंडी खरीदी?"	अंशु ने 8 कैंडी खरीदी और अलका ने 9 कैंडी खरीदी। उन्होंने सभी में कितनी कैंडी खरीदी?	15	16	17	18	candies	candies	candies	candies	8 + 9 = <17>	3	8	9	0	0					wordwindow-stone-yellow.png	wordwindow-stone-blue.png		
en-US	11	3	1	1	"एक हार पर 7 पीले मोती और 8 लाल मोती हैं। हार में कुल मिलाकर कितने मोती हैं?"	एक हार पर 7 पीले मोती और 8 लाल मोती हैं। हार में कुल मिलाकर कितने मोती हैं?	11	13	15	17	beads	beads	beads	beads	7 + 8 = <15>	3	7	8	0	0					wordwindow-stone-yellow.png	wordwindow-stone-red.png		
en-US	11	3	2	1	"अलकाेट के पास 8 संतरे हैं और मोहित के पास 4 संतरे हैं। उनके पास कुल मिलाकर कितने संतरे हैं?"	अलकाेट के पास 8 संतरे हैं और मोहित के पास 4 संतरे हैं। उनके पास कुल मिलाकर कितने संतरे हैं?	10	12	14	16	oranges	oranges	oranges	oranges	8 + 4 = <12>	2	8	4	0	0					wordwindow-stone-yellow.png	wordwindow-stone-red.png		
en-US	11	3	3	1	"दराज में 7 पेंसिल हैं। डान ने दराज में 9 और पेंसिल रखीं। दराज में कितने पेंसिल हैं?"	दराज में 7 पेंसिल हैं। डान ने दराज में 9 और पेंसिल रखीं। दराज में कितने पेंसिल हैं?	14	16	18	20	pencils	pencils	pencils	pencils	7 + 9 = <16>	2	7	9	0	0					wordwindow-stone-red.png	wordwindow-stone-green.png		
en-US	11	3	4	1	"एक किसान ने लंच से पहले मकई की 5 पंक्तियाँ लगाईं। उसने लंच के बाद 7 और पंक्तियाँ लगाईं। उसने दिन के दौरान मकई की कितनी पंक्तियाँ लगाईं?"	एक किसान ने लंच से पहले मकई की 5 पंक्तियाँ लगाईं। उसने लंच के बाद 7 और पंक्तियाँ लगाईं। उसने दिन के दौरान मकई की कितनी पंक्तियाँ लगाईं?	11	12	13	14	rows	rows	rows	rows	5 + 7 = <12>	2	5	7	0	0					wordwindow-stone-blue.png	wordwindow-stone-green.png		
en-US	11	3	5	1	"रूही के पास 5 मार्बल हैं। जादेन के पास 8 मार्बल हैं। उनके पास कुल मिलाकर कितने मार्बल हैं?"	रूही के पास 5 मार्बल हैं। जादेन के पास 8 मार्बल हैं। उनके पास कुल मिलाकर कितने मार्बल हैं?	11	12	13	14	marbles	marbles	marbles	marbles	5 + 8 = <13>	3	5	8	0	0					wordwindow-stone-green.png	wordwindow-stone-red.png		
en-US	12	1	1	4	"मारिन के पास 7 गेंदें हैं। प्रभा के पास मारिन की तुलना में 6 अधिक गेंदें हैं। प्रभा के पास कितनी गेंदें हैं?"	मारिन के पास 7 गेंदें हैं। प्रभा के पास मारिन की तुलना में 6 अधिक गेंदें हैं। प्रभा के पास कितनी गेंदें हैं?	10	11	12	13	balls	balls	balls	balls	7 + 6 = <13>	4	7	13	0	0					wordwindow-stone-blue.png	wordwindow-stone-green.png		
en-US	12	1	2	4	"सूरज के पास 4 पेंसिल हैं और उसकी बहन के पास उससे 8 अधिक पेंसिल हैं। सूरज की बहन के पास कितनी पेंसिल हैं?"	सूरज के पास 4 पेंसिल हैं और उसकी बहन के पास उससे 8 अधिक पेंसिल हैं। सूरज की बहन के पास कितनी पेंसिल हैं?	4	8	12	16	pencils	pencils	pencils	pencils	4 + 8 = <12>	3	4	12	0	0					wordwindow-stone-yellow.png	wordwindow-stone-red.png		
en-US	12	1	3	4	"रिया की मुर्गी ने कल 6 अंडे दिए। आज, उसकी मुर्गी ने कल की तुलना में 5 और अंडे दिए। आज उसकी मुर्गी ने कितने अंडे दिए?"	रिया की मुर्गी ने कल 6 अंडे दिए। आज, उसकी मुर्गी ने कल की तुलना में 5 और अंडे दिए। आज उसकी मुर्गी ने कितने अंडे दिए?	10	11	12	13	eggs	eggs	eggs	eggs	6 + 5 = <11>	2	6	11	0	0					wordwindow-stone-red.png	wordwindow-stone-green.png		
en-US	12	1	4	4	"सिरीश और गणेश एक ही किताब पढ़ रहे थे। गणेश ने सिरीश से 9 अधिक पृष्ठ पढ़े। सिरीश ने पुस्तक के 11 पृष्ठ पढ़े। गणेश ने कितने पृष्ठ पढ़े?"	सिरीश और गणेश एक ही किताब पढ़ रहे थे। गणेश ने सिरीश से 9 अधिक पृष्ठ पढ़े। सिरीश ने पुस्तक के 11 पृष्ठ पढ़े। गणेश ने कितने पृष्ठ पढ़े?	9	11	20	25	pages	pages	pages	pages	11 + 9 = <20>	3	20	11	0	0					wordwindow-stone-yellow.png	wordwindow-stone-green.png		
en-US	12	1	5	4	"मेघा ने अमृत की तुलना में 4 घंटे अधिक काम किया। अमृत ने 8 घंटे काम किया। मेघा ने कितने घंटे काम किया?"	मेघा ने अमृत की तुलना में 4 घंटे अधिक काम किया। अमृत ने 8 घंटे काम किया। मेघा ने कितने घंटे काम किया?	4	8	12	16	hours	hours	hours	hours	8 + 4 = <12>	3	12	4	0	0					wordwindow-stone-yellow.png	wordwindow-stone-blue.png		
en-US	12	2	1	4	"करीम के पास 7 प्लम हैं। करीम की तुलना में नरेश के पास 4 और प्लम हैं। नरेश के पास कितने प्लम हैं?"	करीम के पास 7 प्लम हैं। करीम की तुलना में नरेश के पास 4 और प्लम हैं। नरेश के पास कितने प्लम हैं?	11	12	13	14	plums	plums	plums	plums	7 + 4 = <11>	1	7	11	0	0					wordwindow-stone-red.png	wordwindow-stone-yellow.png		
en-US	12	2	2	4	"धीरज की उम्र 5 साल है। उर्वशी धीरज से 7 साल बड़ी है। उर्वशी कितनी साल की है?"	धीरज की उम्र 5 साल है। उर्वशी धीरज से 7 साल बड़ी है। उर्वशी कितनी साल की है?	11	12	13	14	years old	years old	years old	years old	5 + 7 = <12>	2	5	12	0	0					wordwindow-stone-blue.png	wordwindow-stone-yellow.png		
en-US	12	2	3	4	"जनवरी में 8 दिन बारिश हुई। जनवरी की तुलना में फरवरी में 9 और दिनों तक बारिश हुई। फरवरी में कितने दिन बारिश हुई?"	जनवरी में 8 दिन बारिश हुई। जनवरी की तुलना में फरवरी में 9 और दिनों तक बारिश हुई। फरवरी में कितने दिन बारिश हुई?	15	16	17	18	days	days	days	days	8 + 9 = <17>	3	8	17	0	0					wordwindow-stone-blue.png	wordwindow-stone-red.png		
en-US	12	2	4	4	"डाकिया ने कल की तुलना में आज 3 और पत्र वितरित किए। उसने कल 8 पत्र दिए। आज उसने कितने पत्र वितरित किए?"	डाकिया ने कल की तुलना में आज 3 और पत्र वितरित किए। उसने कल 8 पत्र दिए। आज उसने कितने पत्र वितरित किए?	11	13	15	17	mails	mails	mails	mails	8 + 3 = <11>	1	11	8	0	0					wordwindow-stone-green.png	wordwindow-stone-red.png		
en-US	12	2	5	4	"सिरीश और गणेश एक ही किताब पढ़ रहे थे। गणेश ने सिरीश से 9 अधिक पृष्ठ पढ़े। सिरीश ने पुस्तक के 11 पृष्ठ पढ़े। गणेश ने कितने पृष्ठ पढ़े?"	सिरीश और गणेश एक ही किताब पढ़ रहे थे। गणेश ने सिरीश से 9 अधिक पृष्ठ पढ़े। सिरीश ने पुस्तक के 11 पृष्ठ पढ़े। गणेश ने कितने पृष्ठ पढ़े?	9	11	20	25	pages	pages	pages	pages	11 + 9 = <20>	3	20	11	0	0					wordwindow-stone-yellow.png	wordwindow-stone-green.png		
en-US	12	3	1	4	"हीरा के पास 9 पेंसिल हैं। हीरा के मुकाबले एडम के पास 5 और पेंसिल हैं। एडम के पास कितनी पेंसिल हैं?"	हीरा के पास 9 पेंसिल हैं। हीरा के मुकाबले एडम के पास 5 और पेंसिल हैं। एडम के पास कितनी पेंसिल हैं?	12	13	14	15	pencils	pencils	pencils	pencils	9 + 5 = <14>	3	9	14	0	0					wordwindow-stone-red.png	wordwindow-stone-blue.png		
en-US	12	3	2	4	"मारिन के पास 7 गेंदें हैं। प्रभा के पास मारिन की तुलना में 6 अधिक गेंदें हैं। प्रभा के पास कितनी गेंदें हैं?"	मारिन के पास 7 गेंदें हैं। प्रभा के पास मारिन की तुलना में 6 अधिक गेंदें हैं। प्रभा के पास कितनी गेंदें हैं?	10	11	12	13	balls	balls	balls	balls	7 + 6 = <13>	4	7	13	0	0					wordwindow-stone-blue.png	wordwindow-stone-green.png		
en-US	12	3	3	4	"धीरज की उम्र 5 साल है। उर्वशी धीरज से 7 साल बड़ी है। उर्वशी कितनी साल की है?"	धीरज की उम्र 5 साल है। उर्वशी धीरज से 7 साल बड़ी है। उर्वशी कितनी साल की है?	11	12	13	14	years old	years old	years old	years old	5 + 7 = <12>	2	5	12	0	0					wordwindow-stone-blue.png	wordwindow-stone-yellow.png		
en-US	12	3	4	4	"मेघा ने अमृत की तुलना में 4 घंटे अधिक काम किया। अमृत ने 8 घंटे काम किया। मेघा ने कितने घंटे काम किया?"	मेघा ने अमृत की तुलना में 4 घंटे अधिक काम किया। अमृत ने 8 घंटे काम किया। मेघा ने कितने घंटे काम किया?	4	8	12	16	hours	hours	hours	hours	8 + 4 = <12>	3	12	4	0	0					wordwindow-stone-yellow.png	wordwindow-stone-blue.png		
en-US	12	3	5	4	"डाकिया ने कल की तुलना में आज 3 और पत्र वितरित किए। उसने कल 8 पत्र दिए। आज उसने कितने पत्र वितरित किए?"	डाकिया ने कल की तुलना में आज 3 और पत्र वितरित किए। उसने कल 8 पत्र दिए। आज उसने कितने पत्र वितरित किए?	11	13	15	17	mails	mails	mails	mails	8 + 3 = <11>	1	11	8	0	0					wordwindow-stone-green.png	wordwindow-stone-red.png		
en-US	13	1	1	2	"स्कूल बस में 10 छात्र हैं। 3 छात्र बस से उतर गए। बस में कितने छात्र बचे हैं?"	स्कूल बस में 10 छात्र हैं। 3 छात्र बस से उतर गए। बस में कितने छात्र बचे हैं?	3	7	10	13	students	students	students	students	10 - 3 = <7>	2	10	3	0	0					wordwindow-stone-blue.png	wordwindow-stone-green.png		
en-US	13	1	2	2	"प्रदीप के पास 13 संतरे हैं। वह उनमें से 5 खाते हैं। उसके पास कितने संतरे हैं?"	प्रदीप के पास 13 संतरे हैं। वह उनमें से 5 खाते हैं। उसके पास कितने संतरे हैं?	5	8	11	13	oranges	oranges	oranges	oranges	13 - 5 = <8>	2	13	5	0	0					wordwindow-stone-red.png	wordwindow-stone-green.png		
en-US	13	1	3	2	"रेहमान को होमवर्क के लिए 12 गणित की समस्याएं हैं। उसने उनमें से 3 का जवाब दिया। रेहमान ने उत्तर देने के लिए और कितनी गणित की समस्याएं छोड़ी हैं?"	रेहमान को होमवर्क के लिए 12 गणित की समस्याएं हैं। उसने उनमें से 3 का जवाब दिया। रेहमान ने उत्तर देने के लिए और कितनी गणित की समस्याएं छोड़ी हैं?	3	7	9	12	problems	problems	problems	problems	12 - 3 = <9>	3	12	3	0	0					wordwindow-stone-red.png	wordwindow-stone-blue.png		
en-US	13	1	4	2	"अनिल के पास 16 मार्बल हैं और उनमें से 7 को खो देता है। अनिल के पास अब कितने मार्बल्स हैं?"	अनिल के पास 16 मार्बल हैं और उनमें से 7 को खो देता है। अनिल के पास अब कितने मार्बल्स हैं?	6	7	8	9	marbles	marbles	marbles	marbles	16 - 7 = <9>	4	16	7	0	0					wordwindow-stone-green.png	wordwindow-stone-red.png		
en-US	13	1	5	2	"नासिर ने 17 पन्नों की एक किताब प्रदीपाली। वह 9 पन्ने पढ़ता है। उसके पास पढऩे के लिए कितनी पन्ने बची हैं?"	नासिर ने 17 पन्नों की एक किताब प्रदीपाली। वह 9 पन्ने पढ़ता है। उसके पास पढऩे के लिए कितनी पन्ने बची हैं?	5	8	9	15	pages	pages	pages	pages	17 - 9 = <8>	2	17	9	0	0					wordwindow-stone-red.png	wordwindow-stone-yellow.png		
en-US	13	2	1	2	"रेहमान को होमवर्क के लिए 12 गणित की समस्याएं हैं। उसने उनमें से 3 का जवाब दिया। रेहमान ने उत्तर देने के लिए और कितनी गणित की समस्याएं छोड़ी हैं?"	रेहमान को होमवर्क के लिए 12 गणित की समस्याएं हैं। उसने उनमें से 3 का जवाब दिया। रेहमान ने उत्तर देने के लिए और कितनी गणित की समस्याएं छोड़ी हैं?	3	7	9	12	problems	problems	problems	problems	12 - 3 = <9>	3	12	3	0	0					wordwindow-stone-red.png	wordwindow-stone-blue.png		
en-US	13	2	2	2	"अर्जुन के एक टोकरी में 11 आम हैं। अर्जुन अपनी बहन को 4 आम देता है। टोकरी में कितने आम बचे हैं?"	अर्जुन के एक टोकरी में 11 आम हैं। अर्जुन अपनी बहन को 4 आम देता है। टोकरी में कितने आम बचे हैं?	5	7	9	11	mangoes	mangoes	mangoes	mangoes	11 - 4 = <7>	2	11	4	0	0					wordwindow-stone-yellow.png	wordwindow-stone-green.png		
en-US	13	2	3	2	"प्रदीप के पास 13 संतरे हैं। वह उनमें से 5 खाते हैं। उसके पास कितने संतरे हैं?"	प्रदीप के पास 13 संतरे हैं। वह उनमें से 5 खाते हैं। उसके पास कितने संतरे हैं?	5	8	11	13	oranges	oranges	oranges	oranges	13 - 5 = <8>	2	13	5	0	0					wordwindow-stone-red.png	wordwindow-stone-green.png		
en-US	13	2	4	2	"ईशा के बैग में 14 पेंसिल हैं। उसने अपने दोस्तों को उनमें से 7 उधार लेने दिए। ईशा के पास कितनी पेंसिल बची हैं?"	ईशा के बैग में 14 पेंसिल हैं। उसने अपने दोस्तों को उनमें से 7 उधार लेने दिए। ईशा के पास कितनी पेंसिल बची हैं?	4	7	10	14	pencils	pencils	pencils	pencils	14 - 7 = <7>	2	14	7	0	0					wordwindow-stone-blue.png	wordwindow-stone-yellow.png		
en-US	13	2	5	2	"अनिल के पास 16 मार्बल हैं और उनमें से 7 को खो देता है। अनिल के पास अब कितने मार्बल्स हैं?"	अनिल के पास 16 मार्बल हैं और उनमें से 7 को खो देता है। अनिल के पास अब कितने मार्बल्स हैं?	6	7	8	9	marbles	marbles	marbles	marbles	16 - 7 = <9>	4	16	7	0	0					wordwindow-stone-green.png	wordwindow-stone-red.png		
en-US	13	3	1	2	"अर्जुन के एक टोकरी में 11 आम हैं। अर्जुन अपनी बहन को 4 आम देता है। टोकरी में कितने आम बचे हैं?"	अर्जुन के एक टोकरी में 11 आम हैं। अर्जुन अपनी बहन को 4 आम देता है। टोकरी में कितने आम बचे हैं?	5	7	9	11	mangoes	mangoes	mangoes	mangoes	11 - 4 = <7>	2	11	4	0	0					wordwindow-stone-yellow.png	wordwindow-stone-green.png		
en-US	13	3	2	2	"स्कूल बस में 10 छात्र हैं। 3 छात्र बस से उतर गए। बस में कितने छात्र बचे हैं?"	स्कूल बस में 10 छात्र हैं। 3 छात्र बस से उतर गए। बस में कितने छात्र बचे हैं?	3	7	10	13	students	students	students	students	10 - 3 = <7>	2	10	3	0	0					wordwindow-stone-blue.png	wordwindow-stone-green.png		
en-US	13	3	3	2	"रितिका के पास 12 किताबें हैं। वह अपनी कक्षा की पुस्तकालय में 8 किताबें दान करती हैं। रितिका के पास अब कितनी किताबें बची हैं?"	रितिका के पास 12 किताबें हैं। वह अपनी कक्षा की पुस्तकालय में 8 किताबें दान करती हैं। रितिका के पास अब कितनी किताबें बची हैं?	2	4	6	8	books	books	books	books	12 - 8 = <4>	2	12	8	0	0					wordwindow-stone-yellow.png	wordwindow-stone-red.png		
en-US	13	3	4	2	"एक तालाब में 15 बतख तैर रही हैं। 7 बतख उड़ जाती हैं। तालाब में अभी भी कितने बतख तैर रहे हैं?"	एक तालाब में 15 बतख तैर रही हैं। 7 बतख उड़ जाती हैं। तालाब में अभी भी कितने बतख तैर रहे हैं?	5	7	8	10	ducks	ducks	ducks	ducks	15 - 7 = <8>	3	15	7	0	0					wordwindow-stone-yellow.png	wordwindow-stone-blue.png		
en-US	13	3	5	2	"एक खलिहान में 18 भेड़ें रहती हैं। 9 भेड़ें बेची जाती हैं। खलिहान में कितनी भेड़ें बची हैं?"	एक खलिहान में 18 भेड़ें रहती हैं। 9 भेड़ें बेची जाती हैं। खलिहान में कितनी भेड़ें बची हैं?	3	6	9	11	sheep	sheep	sheep	sheep	18 - 9 = <9>	3	18	9	0	0					wordwindow-stone-blue.png	wordwindow-stone-red.png		
en-US	14	1	1	4	"नमिता के बगीचे में 13 फूल हैं। गौरी के 8 फूल हैं। नमिता के पास गौरी की तुलना में कितने अधिक फूल हैं?"	नमिता के बगीचे में 13 फूल हैं। गौरी के 8 फूल हैं। नमिता के पास गौरी की तुलना में कितने अधिक फूल हैं?	3	5	8	13	flowers	flowers	flowers	flowers	13 - 8 = <5>	2	13	8	0	0					wordwindow-stone-red.png	wordwindow-stone-yellow.png		
en-US	14	1	2	4	"कल्पना ने पुस्तकालय से 11 किताबें उधार लीं। उसके दोस्त ने 5 किताबें उधार लीं। कल्पना ने अपने दोस्त से कितनी अधिक किताबें उधार लीं?"	कल्पना ने पुस्तकालय से 11 किताबें उधार लीं। उसके दोस्त ने 5 किताबें उधार लीं। कल्पना ने अपने दोस्त से कितनी अधिक किताबें उधार लीं?	5	6	8	11	books	books	books	books	11 - 5 = <6>	2	11	5	0	0					wordwindow-stone-red.png	wordwindow-stone-blue.png		
en-US	14	1	3	4	"सौरभ 5 पेपर हवाई जहाज बनाता है। टीना 14 पेपर हवाई जहाज बनाती है। टीना की तुलना में सौरभ कितने कम हवाई जहाज बनाता है?"	सौरभ 5 पेपर हवाई जहाज बनाता है। टीना 14 पेपर हवाई जहाज बनाती है। टीना की तुलना में सौरभ कितने कम हवाई जहाज बनाता है?	4	5	9	14	airplanes	airplanes	airplanes	airplanes	14 - 5 = <9>	3	5	14	0	0					wordwindow-stone-yellow.png	wordwindow-stone-red.png		
en-US	14	1	4	4	"अरविन्द 12 साल का है। उसका भाई दीपेश 8 साल का है। अरविन्द की तुलना में दीपेश कितना छोटा है?"	अरविन्द 12 साल का है। उसका भाई दीपेश 8 साल का है। अरविन्द की तुलना में दीपेश कितना छोटा है	4	8	12	18	years	years	years	years	12 - 8  = <4>	1	12	8	0	0					wordwindow-stone-green.png	wordwindow-stone-red.png		
en-US	14	1	5	4	"बच्चे अपनी कक्षा को सजाने के लिए चित्र बना रहे हैं। लडक़े 11 चित्र बनाते हैं और लड़कियां 20 चित्र बनती हैं। लडक़ों की तुलना में लड़कियां कितने ज्यादा चित्र बनती हैं?"	बच्चे अपनी कक्षा को सजाने के लिए चित्र बना रहे हैं। लडक़े 11 चित्र बनाते हैं और लड़कियां 20 चित्र बनती हैं। लडक़ों की तुलना में लड़कियां कितने ज्यादा चित्र बनती हैं?	9	11	15	20	pictures	pictures	pictures	pictures	20 - 11 = <9>	1	11	20	0	0					wordwindow-stone-blue.png	wordwindow-stone-red.png		
en-US	14	2	1	4	"अन्ना ने 12 पौधे खरीदे। उसकी बहन ने 7 पौधे खरीदे। अन्ना ने अपनी बहन से कितने अधिक पौधे खरीदे?"	अन्ना ने 12 पौधे खरीदे। उसकी बहन ने 7 पौधे खरीदे। अन्ना ने अपनी बहन से कितने अधिक पौधे खरीदे?	3	5	7	12	plants	plants	plants	plants	12 - 7 = <5>	2	12	7	0	0					wordwindow-stone-yellow.png	wordwindow-stone-blue.png		
en-US	14	2	2	4	"मार्च में 15 दिन बारिश हुई। अप्रैल में 8 दिन बारिश हुई। मार्च में अप्रैल की तुलना में कितने दिन अधिक बारिश हुई?"	मार्च में 15 दिन बारिश हुई। अप्रैल में 8 दिन बारिश हुई। मार्च में अप्रैल की तुलना में कितने दिन अधिक बारिश हुई?	5	7	8	15	days	days	days	days	15 - 8 = <7>	2	15	8	0	0					wordwindow-stone-blue.png	wordwindow-stone-yellow.png		
en-US	14	2	3	4	"अरविन्द 12 साल का है। उसका भाई दीपेश 8 साल का है। अरविन्द की तुलना में दीपेश कितना छोटा है?"	अरविन्द 12 साल का है। उसका भाई दीपेश 8 साल का है। अरविन्द की तुलना में दीपेश कितना छोटा है	4	8	12	18	years	years	years	years	12 - 8  = <4>	1	12	8	0	0					wordwindow-stone-green.png	wordwindow-stone-red.png		
en-US	14	2	4	4	"अलका 15 बिस्कुट और 7 केक बेक करती है। बिस्कुट की तुलना में उसने कितने कम केक बेक किए?"	अलका 15 बिस्कुट और 7 केक बेक करती है। बिस्कुट की तुलना में उसने कितने कम केक बेक किए?	7	8	9	10	cakes	cakes	cakes	cakes	15 - 7 = <8>	2	15	7	0	0					wordwindow-stone-red.png	wordwindow-stone-green.png		
en-US	14	2	5	4	"एक कक्षा में 13 लड़कियां और 18 लडक़े हैं। लड़कियों की तुलना में कितने अधिक लडक़े हैं?"	एक कक्षा में 13 लड़कियां और 18 लडक़े हैं। लड़कियों की तुलना में कितने अधिक लडक़े हैं?	5	10	13	18	boys	boys	boys	boys	18 - 13 = <5>	1	13	18	0	0					wordwindow-stone-yellow.png	wordwindow-stone-green.png		
en-US	14	3	1	4	"मार्च में 15 दिन बारिश हुई। अप्रैल में 8 दिन बारिश हुई। मार्च में अप्रैल की तुलना में कितने दिन अधिक बारिश हुई?"	मार्च में 15 दिन बारिश हुई। अप्रैल में 8 दिन बारिश हुई। मार्च में अप्रैल की तुलना में कितने दिन अधिक बारिश हुई?	5	7	8	15	days	days	days	days	15 - 8 = <7>	2	15	8	0	0					wordwindow-stone-blue.png	wordwindow-stone-yellow.png		
en-US	14	3	2	4	"नमिता के बगीचे में 13 फूल हैं। गौरी के 8 फूल हैं। नमिता के पास गौरी की तुलना में कितने अधिक फूल हैं?"	नमिता के बगीचे में 13 फूल हैं। गौरी के 8 फूल हैं। नमिता के पास गौरी की तुलना में कितने अधिक फूल हैं?	3	5	8	13	flowers	flowers	flowers	flowers	13 - 8 = <5>	2	13	8	0	0					wordwindow-stone-red.png	wordwindow-stone-yellow.png		
en-US	14	3	3	4	"अलका 15 बिस्कुट और 7 केक बेक करती है। बिस्कुट की तुलना में उसने कितने कम केक बेक किए?"	अलका 15 बिस्कुट और 7 केक बेक करती है। बिस्कुट की तुलना में उसने कितने कम केक बेक किए?	7	8	9	10	cakes	cakes	cakes	cakes	15 - 7 = <8>	2	15	7	0	0					wordwindow-stone-red.png	wordwindow-stone-green.png		
en-US	14	3	4	4	"सौरभ 5 पेपर हवाई जहाज बनाता है। टीना 14 पेपर हवाई जहाज बनाती है। टीना की तुलना में सौरभ कितने कम हवाई जहाज बनाता है?"	सौरभ 5 पेपर हवाई जहाज बनाता है। टीना 14 पेपर हवाई जहाज बनाती है। टीना की तुलना में सौरभ कितने कम हवाई जहाज बनाता है?	4	5	9	14	airplanes	airplanes	airplanes	airplanes	14 - 5 = <9>	3	5	14	0	0					wordwindow-stone-yellow.png	wordwindow-stone-red.png		
en-US	14	3	5	4	"कस्तूरबा को समुद्र तट पर 20 शंख मिले। नोआ को 6 शंख मिले। नोआ की तुलना में कस्तूरबा को कितने और शंख मिले?"	कस्तूरबा को समुद्र तट पर 20 शंख मिले। नोआ को 6 शंख मिले। नोआ की तुलना में कस्तूरबा को कितने और शंख मिले?	6	10	14	20	seashells	seashells	seashells	seashells	20 - 6 = <14>	3	20	6	0	0					wordwindow-stone-blue.png	wordwindow-stone-green.png		
en-US	15	1	1	5	"सुश्री बसंती अपने 11 छात्रों के साथ लुका-छिपी का खेल खेल रही है। उसे 3 छात्र मिले। कितने छात्र अभी भी छिपे हुए हैं?"	सुश्री बसंती अपने 11 छात्रों के साथ लुका-छिपी का खेल खेल रही है। उसे 3 छात्र मिले। कितने छात्र अभी भी छिपे हुए हैं?	3	5	8	11	students	students	students	students	11 = 3 + <8>	3	3	8	0	0					wordwindow-stone-red.png	wordwindow-stone-green.png		
en-US	15	1	2	5	"एक कक्षा में 15 छात्र हैं। 9 छात्र लंबी पैंट पहने हुए हैं। बाकी ने शॉर्ट पैंट पहनी हुई है। कितने छात्र ने शॉर्ट पैंट पहने हैं?"	एक कक्षा में 15 छात्र हैं। 9 छात्र लंबी पैंट पहने हुए हैं। बाकी ने शॉर्ट पैंट पहनी हुई है। कितने छात्र ने शॉर्ट पैंट पहने हैं?	3	6	9	15	students	students	students	students	15 = 9 + <6>	2	9	6	0	0					wordwindow-stone-red.png	wordwindow-stone-yellow.png		
en-US	15	1	3	5	"जसवंत के पास 17 गुब्बारे हैं। 8 गुब्बारे लाल और बाकी हरे हैं। कितने गुब्बारे हरे हैं?"	जसवंत के पास 17 गुब्बारे हैं। 8 गुब्बारे लाल और बाकी हरे हैं। कितने गुब्बारे हरे हैं?	7	8	9	10	balloons	balloons	balloons	balloons	17 = 8 + <9>	3	8	9	0	0					wordwindow-stone-red.png	wordwindow-stone-green.png		
en-US	15	1	4	5	"लैकी और काजल ने 14 जुगनुओं को पकड़ा। लैकी ने 5 जुगनुओं को पकड़ा। काजल ने कितने जुगनुओं को पकड़ा?"	लैकी और काजल ने 14 जुगनुओं को पकड़ा। लैकी ने 5 जुगनुओं को पकड़ा। काजल ने कितने जुगनुओं को पकड़ा?	6	9	12	14	fireflies	fireflies	fireflies	fireflies	14 = 5 + <9>	2	5	9	0	0					wordwindow-stone-blue.png	wordwindow-stone-green.png		
en-US	15	1	5	5	"सुश्री डॉसन की कक्षा में 12 छात्र हैं। कुछ छात्र अनुपस्थित हैं और 7 छात्र उपस्थित हैं। कितने छात्र अनुपस्थित हैं?"	सुश्री डॉसन की कक्षा में 12 छात्र हैं। कुछ छात्र अनुपस्थित हैं और 7 छात्र उपस्थित हैं। कितने छात्र अनुपस्थित हैं?	5	7	9	12	students	students	students	students	12 = <5> + 7	1	5	7	0	0					wordwindow-stone-yellow.png	wordwindow-stone-green.png		
en-US	15	2	1	5	"टेनिस फ़राज़ में 12 खिलाड़ी हैं। खिलाड़यिों में से 6 लड़कियां हैं। कुछ लडक़े हैं। कितने टेनिस खिलाड़ी लडक़े हैं?"	टेनिस फ़राज़ में 12 खिलाड़ी हैं। खिलाड़यिों में से 6 लड़कियां हैं। कुछ लडक़े हैं। कितने टेनिस खिलाड़ी लडक़े हैं?	2	6	10	12	boys	boys	boys	boys	12 = 6 + <6>	2	6	6	0	0					wordwindow-stone-blue.png	wordwindow-stone-red.png		
en-US	15	2	2	5	"लकड़ी का एक टुकड़ा 13 इंच लंबा होता है। इसे दो भागों में काटा जाता है। एक भाग 6 इंच लंबा है। दूसरा भाग कितना लंबा है?"	लकड़ी का एक टुकड़ा 13 इंच लंबा होता है। इसे दो भागों में काटा जाता है। एक भाग 6 इंच लंबा है। दूसरा भाग कितना लंबा है?	6	7	8	9	inches	inches	inches	inches	13 = 6 + <7>	2	6	7	0	0					wordwindow-stone-green.png	wordwindow-stone-red.png		
en-US	15	2	3	5	"लैकी और काजल ने 14 जुगनुओं को पकड़ा। लैकी ने 5 जुगनुओं को पकड़ा। काजल ने कितने जुगनुओं को पकड़ा?"	लैकी और काजल ने 14 जुगनुओं को पकड़ा। लैकी ने 5 जुगनुओं को पकड़ा। काजल ने कितने जुगनुओं को पकड़ा?	6	9	12	14	fireflies	fireflies	fireflies	fireflies	14 = 5 + <9>	2	5	9	0	0					wordwindow-stone-blue.png	wordwindow-stone-green.png		
en-US	15	2	4	5	"ज़च के पास 17 जन्मदिन के तोहफे हैं। 9 तोहफे उसके परिवार के हैं और बाकी उसके दोस्तों के हैं। उसके दोस्तों से कितने उपहार हैं?"	ज़च के पास 17 जन्मदिन के तोहफे हैं। 9 तोहफे उसके परिवार के हैं और बाकी उसके दोस्तों के हैं। उसके दोस्तों से कितने उपहार हैं?	7	8	9	10	gifts	gifts	gifts	gifts	17 = 9 + <8>	2	9	8	0	0					wordwindow-stone-yellow.png	wordwindow-stone-blue.png		
en-US	15	2	5	5	"एक कक्षा में 16 बच्चे हैं। कुछ बच्चे खेलने के लिए बाहर जाते हैं। 7 बच्चे किताबें पढऩे के लिए अंदर रहते हैं। कितने बच्चे बाहर हैं?"	एक कक्षा में 16 बच्चे हैं। कुछ बच्चे खेलने के लिए बाहर जाते हैं। 7 बच्चे किताबें पढऩे के लिए अंदर रहते हैं। कितने बच्चे बाहर हैं?	7	9	13	16	children	children	children	children	16 = <9> + 7	2	9	7	0	0					wordwindow-stone-yellow.png	wordwindow-stone-red.png		
en-US	15	3	1	5	"उमा ने दोस्तों और परिवार को 14 पत्र लिखे। 7 पत्र उसके दोस्तों के लिए हैं और बाकी उसके परिवार के लिए हैं। उसके परिवार के लिए कितने पत्र हैं?"	उमा ने दोस्तों और परिवार को 14 पत्र लिखे। 7 पत्र उसके दोस्तों के लिए हैं और बाकी उसके परिवार के लिए हैं। उसके परिवार के लिए कितने पत्र हैं?	4	7	10	14	letters	letters	letters	letters	14 = 7 + <7>	2	7	7	0	0					wordwindow-stone-blue.png	wordwindow-stone-yellow.png		
en-US	15	3	2	5	"ज़च के पास 17 जन्मदिन के तोहफे हैं। 9 तोहफे उसके परिवार के हैं और बाकी उसके दोस्तों के हैं। उसके दोस्तों से कितने उपहार हैं?"	ज़च के पास 17 जन्मदिन के तोहफे हैं। 9 तोहफे उसके परिवार के हैं और बाकी उसके दोस्तों के हैं। उसके दोस्तों से कितने उपहार हैं?	7	8	9	10	gifts	gifts	gifts	gifts	17 = 9 + <8>	2	9	8	0	0					wordwindow-stone-yellow.png	wordwindow-stone-blue.png		
en-US	15	3	3	5	"टेनिस फ़राज़ में 12 खिलाड़ी हैं। खिलाड़यिों में से 6 लड़कियां हैं। कुछ लडक़े हैं। कितने टेनिस खिलाड़ी लडक़े हैं?"	टेनिस फ़राज़ में 12 खिलाड़ी हैं। खिलाड़यिों में से 6 लड़कियां हैं। कुछ लडक़े हैं। कितने टेनिस खिलाड़ी लडक़े हैं?	2	6	10	12	boys	boys	boys	boys	12 = 6 + <6>	2	6	6	0	0					wordwindow-stone-blue.png	wordwindow-stone-red.png		
en-US	15	3	4	5	"लकड़ी का एक टुकड़ा 13 इंच लंबा होता है। इसे दो भागों में काटा जाता है। एक भाग 6 इंच लंबा है। दूसरा भाग कितना लंबा है?"	लकड़ी का एक टुकड़ा 13 इंच लंबा होता है। इसे दो भागों में काटा जाता है। एक भाग 6 इंच लंबा है। दूसरा भाग कितना लंबा है?	6	7	8	9	inches	inches	inches	inches	13 = 6 + <7>	2	6	7	0	0					wordwindow-stone-green.png	wordwindow-stone-red.png		
en-US	15	3	5	5	"सुश्री डॉसन की कक्षा में 12 छात्र हैं। कुछ छात्र अनुपस्थित हैं और 7 छात्र उपस्थित हैं। कितने छात्र अनुपस्थित हैं?"	सुश्री डॉसन की कक्षा में 12 छात्र हैं। कुछ छात्र अनुपस्थित हैं और 7 छात्र उपस्थित हैं। कितने छात्र अनुपस्थित हैं?	5	7	9	12	students	students	students	students	12 = <5> + 7	1	5	7	0	0					wordwindow-stone-yellow.png	wordwindow-stone-green.png		
en-US	16	1	1	3	"सपना ने आम के 2 बॉक्स खरीदे। प्रत्येक बॉक्स में 4 आम हैं। उसने कितने आम खरीदे?"	सपना ने आम के 2 बॉक्स खरीदे। प्रत्येक बॉक्स में 4 आम हैं। उसने कितने आम खरीदे?	4	8	12	16	mangoes	mangoes	mangoes	mangoes	2 X 4 = <8>	2	2	4	0	0					wordwindow-stone-blue.png	wordwindow-stone-green.png		
en-US	16	1	2	3	"दर्पण के पास 3 तरुणड़ी मोजे हैं। प्रत्येक तरुणड़ी में 2 मोजे हैं। दर्पण के पास कितने मोजे हैं?"	दर्पण के पास 3 तरुणड़ी मोजे हैं। प्रत्येक तरुणड़ी में 2 मोजे हैं। दर्पण के पास कितने मोजे हैं?	3	6	9	12	socks	socks	socks	socks	3 X 2 = <6>	2	3	2	0	0					wordwindow-stone-red.png	wordwindow-stone-yellow.png		
en-US	16	1	3	3	"अलका ने फ्लॉवर पॉट में 3 फूलों की गिनती की। प्रत्येक फूल में 5 पंखुड़यिाँ होती हैं। सभी में कितनी पंखुड़यिाँ हैं?"	अलका ने फ्लॉवर पॉट में 3 फूलों की गिनती की। प्रत्येक फूल में 5 पंखुड़यिाँ होती हैं। सभी में कितनी पंखुड़यिाँ हैं?	5	10	15	20	petals	petals	petals	petals	3 X 5 = <15>	3	3	5	0	0					wordwindow-stone-yellow.png	wordwindow-stone-red.png		
en-US	16	1	4	3	"एक मधुमक्खी के 6 पैर होते हैं। 2 मधुमक्खियों के कितने पैर होते हैं?"	एक मधुमक्खी के 6 पैर होते हैं। 2 मधुमक्खियों के कितने पैर होते हैं?	4	8	12	16	legs	legs	legs	legs	2 X 6 = <12>	3	2	6	0	0					wordwindow-stone-red.png	wordwindow-stone-blue.png		
en-US	16	1	5	3	"सैली को एक मील चलने के लिए 7 मिनट लगते हैं। 4 मील चलने में उसे कितना समय लगेगा?"	सैली को एक मील चलने के लिए 7 मिनट लगते हैं। 4 मील चलने में उसे कितना समय लगेगा?	7	14	28	35	minutes	minutes	minutes	minutes	4 X 7 = <28>	3	4	7	0	0					wordwindow-stone-blue.png	wordwindow-stone-red.png		
en-US	16	2	1	3	"चरागाह में 3 भेड़ें हैं। प्रत्येक भेड़ के 4 बच्चे होते हैं। चरागाह में कितने मेमने हैं?"	चरागाह में 3 भेड़ें हैं। प्रत्येक भेड़ के 4 बच्चे होते हैं। चरागाह में कितने मेमने हैं?	6	9	12	15	lambs	lambs	lambs	lambs	3 X 4 = <12>	3	3	4	0	0					wordwindow-stone-yellow.png	wordwindow-stone-green.png		
en-US	16	2	2	3	"एक बतख के 2 पैर होते हैं। 3 बतख के कितने पैर हैं?"	एक बतख के 2 पैर होते हैं। 3 बतख के कितने पैर हैं?	3	6	9	12	legs	legs	legs	legs	3 X 2 = <6>	2	3	2	0	0					wordwindow-stone-green.png	wordwindow-stone-red.png		
en-US	16	2	3	3	"खेत पर 2 वैगन हैं। प्रत्येक वैगन में 8 बच्चे होते हैं। कितने बच्चे वैगनों में हैं?"	खेत पर 2 वैगन हैं। प्रत्येक वैगन में 8 बच्चे होते हैं। कितने बच्चे वैगनों में हैं?	4	8	12	16	children	children	children	children	2 X 8 = <16>	4	2	8	0	0					wordwindow-stone-yellow.png	wordwindow-stone-blue.png		
en-US	16	2	4	3	"शालिनी, रूथ और रमेश ने पिज़्ज़ा के 2 स्लाइस खाए। पिज़्ज़ा के कितने स्लाइस उन्होंने सभी में खाए?"	शालिनी, रूथ और रमेश ने पिज़्ज़ा के 2 स्लाइस खाए। पिज़्ज़ा के कितने स्लाइस उन्होंने सभी में खाए?	3	6	12	15	slices	slices	slices	slices	3 X 2 = <6>	2	3	2	0	0					wordwindow-stone-blue.png	wordwindow-stone-yellow.png		
en-US	16	2	5	3	"नेहा ने डोनट्स के 4 बॉक्स खरीदे। प्रत्येक बॉक्स में 5 डोनट्स होते हैं। उसने कुल कितने डोनट्स खरीदे?"	नेहा ने डोनट्स के 4 बॉक्स खरीदे। प्रत्येक बॉक्स में 5 डोनट्स होते हैं। उसने कुल कितने डोनट्स खरीदे?	5	15	20	30	donuts	donuts	donuts	donuts	4 X 5 = <20>	3	4	5	0	0					wordwindow-stone-red.png	wordwindow-stone-green.png		
en-US	16	3	1	3	"दर्पण के पास 3 तरुणड़ी मोजे हैं। प्रत्येक तरुणड़ी में 2 मोजे हैं। दर्पण के पास कितने मोजे हैं?"	दर्पण के पास 3 तरुणड़ी मोजे हैं। प्रत्येक तरुणड़ी में 2 मोजे हैं। दर्पण के पास कितने मोजे हैं?	3	6	9	12	socks	socks	socks	socks	3 X 2 = <6>	2	3	2	0	0					wordwindow-stone-red.png	wordwindow-stone-yellow.png		
en-US	16	3	2	3	"चरागाह में 3 भेड़ें हैं। प्रत्येक भेड़ के 4 बच्चे होते हैं। चरागाह में कितने मेमने हैं?"	चरागाह में 3 भेड़ें हैं। प्रत्येक भेड़ के 4 बच्चे होते हैं। चरागाह में कितने मेमने हैं?	6	9	12	15	lambs	lambs	lambs	lambs	3 X 4 = <12>	3	3	4	0	0					wordwindow-stone-yellow.png	wordwindow-stone-green.png		
en-US	16	3	3	3	"सपना ने आम के 2 बॉक्स खरीदे। प्रत्येक बॉक्स में 4 आम हैं। उसने कितने आम खरीदे?"	सपना ने आम के 2 बॉक्स खरीदे। प्रत्येक बॉक्स में 4 आम हैं। उसने कितने आम खरीदे?	4	8	12	16	mangoes	mangoes	mangoes	mangoes	2 X 4 = <8>	2	2	4	0	0					wordwindow-stone-blue.png	wordwindow-stone-green.png		
en-US	16	3	4	3	"खेत पर 2 वैगन हैं। प्रत्येक वैगन में 8 बच्चे होते हैं। कितने बच्चे वैगनों में हैं?"	खेत पर 2 वैगन हैं। प्रत्येक वैगन में 8 बच्चे होते हैं। कितने बच्चे वैगनों में हैं?	4	8	12	16	children	children	children	children	2 X 8 = <16>	4	2	8	0	0					wordwindow-stone-yellow.png	wordwindow-stone-blue.png		
en-US	16	3	5	3	"सैली को एक मील चलने के लिए 7 मिनट लगते हैं। 4 मील चलने में उसे कितना समय लगेगा?"	सैली को एक मील चलने के लिए 7 मिनट लगते हैं। 4 मील चलने में उसे कितना समय लगेगा?	7	14	28	35	minutes	minutes	minutes	minutes	4 X 7 = <28>	3	4	7	0	0					wordwindow-stone-blue.png	wordwindow-stone-red.png		
en-US	17	1	1	5	"2 बच्चे 8 मिठाई समान रूप से साझा करते हैं। प्रत्येक बच्चे को कितनी मिठाई मिलती है?"	2 बच्चे 8 मिठाई समान रूप से साझा करते हैं। प्रत्येक बच्चे को कितनी मिठाई मिलती है?	2	4	6	8	sweets	sweets	sweets	sweets	8 = <4> + <4>	2	4	4	0	0					wordwindow-stone-red.png	wordwindow-stone-yellow.png		
en-US	17	1	2	5	"आप और आपकी बहन समान रूप से चिप्स के 10 बैग साझा करते हैं। चिप्स के कितने बैग प्रत्येक को मिलेंगे?"	आप और आपकी बहन समान रूप से चिप्स के 10 बैग साझा करते हैं। चिप्स के कितने बैग प्रत्येक को मिलेंगे?	2	3	5	10	bags	bags	bags	bags	10 = <5> + <5>	3	5	5	0	0					wordwindow-stone-red.png	wordwindow-stone-blue.png		
en-US	17	1	3	5	"एक किसान के पास 16 अंडे हैं और वो उन्हें समान रूप से 2 बक्से में रखता है। प्रत्येक बॉक्स में कितने अंडे हैं?"	एक किसान के पास 16 अंडे हैं और वो उन्हें समान रूप से 2 बक्से में रखता है। प्रत्येक बॉक्स में कितने अंडे हैं?	2	4	8	16	eggs	eggs	eggs	eggs	16 = <8> + <8>	3	8	8	0	0					wordwindow-stone-blue.png	wordwindow-stone-green.png		
en-US	17	1	4	5	"3 मित्र समान रूप से 12 कैंडी साझा करते हैं। प्रत्येक मित्र को कितने कैंडी मिलेंगे?"	3 मित्र समान रूप से 12 कैंडी साझा करते हैं। प्रत्येक मित्र को कितने कैंडी मिलेंगे?	3	4	5	6	candies	candies	candies	candies	12 = <4> + <4> + <4>	2	4	4	4	0					wordwindow-stone-green.png	wordwindow-stone-red.png	wordwindow-stone-yellow.png		
en-US	17	1	5	5	"20 छात्रों को शिक्षक द्वारा 4 समूहों में समान रूप से विभाजित किया गया था। प्रत्येक समूह में कितने छात्र हैं?"	20 छात्रों को शिक्षक द्वारा 4 समूहों में समान रूप से विभाजित किया गया था। प्रत्येक समूह में कितने छात्र हैं?	5	10	15	20	students	students	students	students	20 = <5> + <5> + <5> + <5>	1	5	5	5	5					wordwindow-stone-blue.png	wordwindow-stone-red.png	wordwindow-stone-green.png	wordwindow-stone-yellow.png		
en-US	17	2	1	5	"ईशा ने 6 फूल चुने। उसने फूलों की समान मात्रा में 2 फूलदानों में डाल दी। प्रत्येक फूलदान में उसने कितने फूल डालें ?"	ईशा ने 6 फूल चुने। उसने फूलों की समान मात्रा में 2 फूलदानों में डाल दी। प्रत्येक फूलदान में उसने कितने फूल डालें ?	2	3	5	6	flowers	flowers	flowers	flowers	6 = <3> + <3>	2	3	3	0	0					wordwindow-stone-yellow.png	wordwindow-stone-blue.png		
en-US	17	2	2	5	"आप और आपकी बहन समान रूप से चिप्स के 10 बैग साझा करते हैं। चिप्स के कितने बैग प्रत्येक को मिलेंगे?"	आप और आपकी बहन समान रूप से चिप्स के 10 बैग साझा करते हैं। चिप्स के कितने बैग प्रत्येक को मिलेंगे?	2	3	5	10	bags	bags	bags	bags	10 = <5> + <5>	3	5	5	0	0					wordwindow-stone-red.png	wordwindow-stone-blue.png		
en-US	17	2	3	5	"सृष्टि ने 18 ब्राउनीज़ को बेक किया। उसने 2 प्लेटों पर समान संख्या में ब्राउनीज़ रखी। प्रत्येक प्लेट पर कितने ब्राउनी होते हैं?"	सृष्टि ने 18 ब्राउनीज़ को बेक किया। उसने 2 प्लेटों पर समान संख्या में ब्राउनीज़ रखी। प्रत्येक प्लेट पर कितने ब्राउनी होते हैं?	2	8	9	18	brownies	brownies	brownies	brownies	18 = <9> + <9>	3	9	9	0	0					wordwindow-stone-yellow.png	wordwindow-stone-green.png	wordwindow-stone-blue.png	
en-US	17	2	4	5	"श्री रुपेश की कक्षा में 18 पुस्तकें हैं। वह उन्हें 3 अलमारियों पर समान रूप से रखते है। प्रत्येक अलमारी पर कितनी किताबें रखी हुई हैं?"	श्री रुपेश की कक्षा में 18 पुस्तकें हैं। वह उन्हें 3 अलमारियों पर समान रूप से रखते है। प्रत्येक अलमारी पर कितनी किताबें रखी हुई हैं?	3	6	16	18	books	books	books	books	18 = <6> + <6> + <6>	2	6	6	6	0					wordwindow-stone-yellow.png	wordwindow-stone-red.png	wordwindow-stone-green.png	
en-US	17	2	5	5	"अरविन्दो ने 12 मछलियाँ खरीदीं। उसने मछचिन्मयं की संख्या 4 टैंकों में बराबर कर दी। प्रत्येक टैंक में कितनी मछलियाँ हैं?"	अरविन्दो ने 12 मछलियाँ खरीदीं। उसने मछचिन्मयं की संख्या 4 टैंकों में बराबर कर दी। प्रत्येक टैंक में कितनी मछलियाँ हैं?	3	4	9	12	fish	fish	fish	fish	12 = <3> + <3> + <3> + <3>	1	3	3	3	3					wordwindow-stone-blue.png	wordwindow-stone-yellow.png	wordwindow-stone-red.png	wordwindow-stone-green.png		
en-US	17	3	1	5	"आप और आपकी बहन समान रूप से चिप्स के 10 बैग साझा करते हैं। चिप्स के कितने बैग प्रत्येक को मिलेंगे?"	आप और आपकी बहन समान रूप से चिप्स के 10 बैग साझा करते हैं। चिप्स के कितने बैग प्रत्येक को मिलेंगे?	2	3	5	10	bags	bags	bags	bags	10 = <5> + <5>	3	5	5	0	0					wordwindow-stone-red.png	wordwindow-stone-blue.png		
en-US	17	3	2	5	"ईशा ने 6 फूल चुने। उसने फूलों की समान मात्रा में 2 फूलदानों में डाल दी। प्रत्येक फूलदान में उसने कितने फूल डालें ?"	ईशा ने 6 फूल चुने। उसने फूलों की समान मात्रा में 2 फूलदानों में डाल दी। प्रत्येक फूलदान में उसने कितने फूल डालें ?	2	3	5	6	flowers	flowers	flowers	flowers	6 = <3> + <3>	2	3	3	0	0					wordwindow-stone-yellow.png	wordwindow-stone-blue.png		
en-US	17	3	3	5	"एक किसान के पास 16 अंडे हैं और वो उन्हें समान रूप से 2 बक्से में रखता है। प्रत्येक बॉक्स में कितने अंडे हैं?"	एक किसान के पास 16 अंडे हैं और वो उन्हें समान रूप से 2 बक्से में रखता है। प्रत्येक बॉक्स में कितने अंडे हैं?	2	4	8	16	eggs	eggs	eggs	eggs	16 = <8> + <8>	3	8	8	0	0					wordwindow-stone-blue.png	wordwindow-stone-green.png		
en-US	17	3	4	5	"शेन ने एक पेड़ से 6 आम प्रदीपाले। उन्होंने आमों की एक समान संख्या को 3 बक्से में रखा। प्रत्येक बॉक्स में उसने कितने आम रखे?"	शेन ने एक पेड़ से 6 आम प्रदीपाले। उन्होंने आमों की एक समान संख्या को 3 बक्से में रखा। प्रत्येक बॉक्स में उसने कितने आम रखे?	2	3	5	6	mangoes	mangoes	mangoes	mangoes	6 = <2> + <2> + <2>	1	2	2	2	0					wordwindow-stone-red.png	wordwindow-stone-green.png	wordwindow-stone-blue.png		
en-US	17	3	5	5	"20 छात्रों को शिक्षक द्वारा 4 समूहों में समान रूप से विभाजित किया गया था। प्रत्येक समूह में कितने छात्र हैं?"	20 छात्रों को शिक्षक द्वारा 4 समूहों में समान रूप से विभाजित किया गया था। प्रत्येक समूह में कितने छात्र हैं?	5	10	15	20	students	students	students	students	20 = <5> + <5> + <5> + <5>	1	5	5	5	5					wordwindow-stone-blue.png	wordwindow-stone-red.png	wordwindow-stone-green.png	wordwindow-stone-yellow.png		
